{"augmented_mixed_100": {"NB": {"F1": 0.8539325842696628, "Precision": 0.9661016949152542, "Recall": 0.7651006711409396, "Accuracy": 0.9649280575539568}, "BERT": {"F1": 0.9381107491856678, "Precision": 0.9113924050632911, "Recall": 0.9664429530201343, "Accuracy": 0.9829596412556054}, "LightGBM": {"F1": 0.7258064516129032, "Precision": 0.9090909090909091, "Recall": 0.6040268456375839, "Accuracy": 0.9388489208633094}, "LSTM": {"F1": 0.8417508417508418, "Precision": 0.8445945945945946, "Recall": 0.8389261744966443, "Accuracy": 0.957847533632287}, "KNN": {"F1": 0.6375545851528385, "Precision": 0.9125, "Recall": 0.4899328859060403, "Accuracy": 0.9253597122302158}, "XGBoost": {"F1": 0.5142857142857142, "Precision": 0.8852459016393442, "Recall": 0.3624161073825503, "Accuracy": 0.908273381294964}, "LR": {"F1": 0.6893617021276595, "Precision": 0.9418604651162791, "Recall": 0.5436241610738255, "Accuracy": 0.9343525179856115}, "SVM": {"F1": 0.8389513108614233, "Precision": 0.9491525423728814, "Recall": 0.7516778523489933, "Accuracy": 0.9613309352517986}}}