{"original": {"NB": {"F1": 0.9064748201438849, "Precision": 0.9767441860465116, "Recall": 0.8456375838926175, "Accuracy": 0.9766187050359713}, "BERT": {"F1": 0.9636963696369636, "Precision": 0.948051948051948, "Recall": 0.9798657718120806, "Accuracy": 0.9901345291479821}, "LightGBM": {"F1": 0.8928571428571429, "Precision": 0.9541984732824428, "Recall": 0.8389261744966443, "Accuracy": 0.9730215827338129}, "LSTM": {"F1": 0.94314381270903, "Precision": 0.94, "Recall": 0.9463087248322147, "Accuracy": 0.9847533632286996}, "KNN": {"F1": 0.8432835820895521, "Precision": 0.9495798319327731, "Recall": 0.7583892617449665, "Accuracy": 0.9622302158273381}, "XGBoost": {"F1": 0.728744939271255, "Precision": 0.9183673469387755, "Recall": 0.6040268456375839, "Accuracy": 0.939748201438849}, "LR": {"F1": 0.8805970149253731, "Precision": 0.9915966386554622, "Recall": 0.7919463087248322, "Accuracy": 0.9712230215827338}, "SVM": {"F1": 0.9263157894736842, "Precision": 0.9705882352941176, "Recall": 0.8859060402684564, "Accuracy": 0.9811151079136691}}, "augmented_spam_1": {"NB": {"F1": 0.8762541806020067, "Precision": 0.8733333333333333, "Recall": 0.8791946308724832, "Accuracy": 0.966726618705036}, "BERT": {"F1": 0.9765886287625419, "Precision": 0.9733333333333334, "Recall": 0.9798657718120806, "Accuracy": 0.9937219730941704}, "LightGBM": {"F1": 0.9140893470790378, "Precision": 0.9366197183098591, "Recall": 0.8926174496644296, "Accuracy": 0.9775179856115108}, "LSTM": {"F1": 0.9319727891156463, "Precision": 0.9448275862068966, "Recall": 0.9194630872483222, "Accuracy": 0.9820627802690582}, "KNN": {"F1": 0.8145454545454546, "Precision": 0.8888888888888888, "Recall": 0.7516778523489933, "Accuracy": 0.954136690647482}, "XGBoost": {"F1": 0.75, "Precision": 0.8608695652173913, "Recall": 0.6644295302013423, "Accuracy": 0.9406474820143885}, "LR": {"F1": 0.9219858156028369, "Precision": 0.9774436090225563, "Recall": 0.87248322147651, "Accuracy": 0.9802158273381295}, "SVM": {"F1": 0.9178082191780822, "Precision": 0.9370629370629371, "Recall": 0.8993288590604027, "Accuracy": 0.9784172661870504}}, "augmented_spam_2": {"NB": {"F1": 0.8506493506493507, "Precision": 0.8238993710691824, "Recall": 0.8791946308724832, "Accuracy": 0.9586330935251799}, "BERT": {"F1": 0.9698996655518394, "Precision": 0.9666666666666667, "Recall": 0.9731543624161074, "Accuracy": 0.9919282511210762}, "LightGBM": {"F1": 0.9065743944636678, "Precision": 0.9357142857142857, "Recall": 0.8791946308724832, "Accuracy": 0.9757194244604317}, "LSTM": {"F1": 0.9169435215946845, "Precision": 0.9078947368421053, "Recall": 0.9261744966442953, "Accuracy": 0.9775784753363229}, "KNN": {"F1": 0.8243243243243245, "Precision": 0.8299319727891157, "Recall": 0.8187919463087249, "Accuracy": 0.9532374100719424}, "XGBoost": {"F1": 0.759124087591241, "Precision": 0.832, "Recall": 0.697986577181208, "Accuracy": 0.9406474820143885}, "LR": {"F1": 0.9204152249134949, "Precision": 0.95, "Recall": 0.8926174496644296, "Accuracy": 0.97931654676259}, "SVM": {"F1": 0.9178082191780822, "Precision": 0.9370629370629371, "Recall": 0.8993288590604027, "Accuracy": 0.9784172661870504}}, "augmented_spam_3": {"NB": {"F1": 0.8364779874213837, "Precision": 0.7869822485207101, "Recall": 0.8926174496644296, "Accuracy": 0.9532374100719424}, "BERT": {"F1": 0.9698996655518394, "Precision": 0.9666666666666667, "Recall": 0.9731543624161074, "Accuracy": 0.9919282511210762}, "LightGBM": {"F1": 0.910958904109589, "Precision": 0.9300699300699301, "Recall": 0.8926174496644296, "Accuracy": 0.9766187050359713}, "LSTM": {"F1": 0.9310344827586208, "Precision": 0.9574468085106383, "Recall": 0.9060402684563759, "Accuracy": 0.9820627802690582}, "KNN": {"F1": 0.831081081081081, "Precision": 0.8367346938775511, "Recall": 0.825503355704698, "Accuracy": 0.9550359712230215}, "XGBoost": {"F1": 0.7859649122807018, "Precision": 0.8235294117647058, "Recall": 0.7516778523489933, "Accuracy": 0.9451438848920863}, "LR": {"F1": 0.9054054054054055, "Precision": 0.9115646258503401, "Recall": 0.8993288590604027, "Accuracy": 0.9748201438848921}, "SVM": {"F1": 0.9183673469387755, "Precision": 0.9310344827586207, "Recall": 0.9060402684563759, "Accuracy": 0.9784172661870504}}, "augmented_spam_4": {"NB": {"F1": 0.8148148148148148, "Precision": 0.7542857142857143, "Recall": 0.8859060402684564, "Accuracy": 0.9460431654676259}, "BERT": {"F1": 0.9664429530201343, "Precision": 0.9664429530201343, "Recall": 0.9664429530201343, "Accuracy": 0.9910313901345291}, "LightGBM": {"F1": 0.8993288590604027, "Precision": 0.8993288590604027, "Recall": 0.8993288590604027, "Accuracy": 0.9730215827338129}, "LSTM": {"F1": 0.9351535836177475, "Precision": 0.9513888888888888, "Recall": 0.9194630872483222, "Accuracy": 0.9829596412556054}, "KNN": {"F1": 0.8362369337979093, "Precision": 0.8695652173913043, "Recall": 0.8053691275167785, "Accuracy": 0.9577338129496403}, "XGBoost": {"F1": 0.7635135135135135, "Precision": 0.7687074829931972, "Recall": 0.7583892617449665, "Accuracy": 0.9370503597122302}, "LR": {"F1": 0.8993288590604027, "Precision": 0.8993288590604027, "Recall": 0.8993288590604027, "Accuracy": 0.9730215827338129}, "SVM": {"F1": 0.9078498293515358, "Precision": 0.9236111111111112, "Recall": 0.8926174496644296, "Accuracy": 0.9757194244604317}}, "augmented_spam_5": {"NB": {"F1": 0.8060606060606061, "Precision": 0.7348066298342542, "Recall": 0.8926174496644296, "Accuracy": 0.9424460431654677}, "BERT": {"F1": 0.9591836734693876, "Precision": 0.9724137931034482, "Recall": 0.9463087248322147, "Accuracy": 0.989237668161435}, "LightGBM": {"F1": 0.9016949152542374, "Precision": 0.910958904109589, "Recall": 0.8926174496644296, "Accuracy": 0.9739208633093526}, "LSTM": {"F1": 0.9241379310344828, "Precision": 0.950354609929078, "Recall": 0.8993288590604027, "Accuracy": 0.9802690582959641}, "KNN": {"F1": 0.7906976744186046, "Precision": 0.7828947368421053, "Recall": 0.7986577181208053, "Accuracy": 0.9433453237410072}, "XGBoost": {"F1": 0.7682119205298014, "Precision": 0.7581699346405228, "Recall": 0.7785234899328859, "Accuracy": 0.9370503597122302}, "LR": {"F1": 0.8829431438127091, "Precision": 0.88, "Recall": 0.8859060402684564, "Accuracy": 0.9685251798561151}, "SVM": {"F1": 0.9084745762711866, "Precision": 0.9178082191780822, "Recall": 0.8993288590604027, "Accuracy": 0.9757194244604317}}}