{"original": {"NB": {"F1": 0.9064748201438849, "Precision": 0.9767441860465116, "Recall": 0.8456375838926175, "Accuracy": 0.9766187050359713}, "BERT": {"F1": 0.9508196721311476, "Precision": 0.9294871794871795, "Recall": 0.9731543624161074, "Accuracy": 0.9865470852017937}, "LightGBM": {"F1": 0.8928571428571429, "Precision": 0.9541984732824428, "Recall": 0.8389261744966443, "Accuracy": 0.9730215827338129}, "LSTM": {"F1": 0.9351535836177475, "Precision": 0.9513888888888888, "Recall": 0.9194630872483222, "Accuracy": 0.9829596412556054}, "KNN": {"F1": 0.8432835820895521, "Precision": 0.9495798319327731, "Recall": 0.7583892617449665, "Accuracy": 0.9622302158273381}, "XGBoost": {"F1": 0.728744939271255, "Precision": 0.9183673469387755, "Recall": 0.6040268456375839, "Accuracy": 0.939748201438849}, "LR": {"F1": 0.8805970149253731, "Precision": 0.9915966386554622, "Recall": 0.7919463087248322, "Accuracy": 0.9712230215827338}, "SVM": {"F1": 0.9263157894736842, "Precision": 0.9705882352941176, "Recall": 0.8859060402684564, "Accuracy": 0.9811151079136691}}, "augmented_spam_1": {"NB": {"F1": 0.8762541806020067, "Precision": 0.8733333333333333, "Recall": 0.8791946308724832, "Accuracy": 0.966726618705036}, "BERT": {"F1": 0.9666666666666668, "Precision": 0.9602649006622517, "Recall": 0.9731543624161074, "Accuracy": 0.9910313901345291}, "LightGBM": {"F1": 0.9140893470790378, "Precision": 0.9366197183098591, "Recall": 0.8926174496644296, "Accuracy": 0.9775179856115108}, "LSTM": {"F1": 0.8838709677419355, "Precision": 0.8509316770186336, "Recall": 0.9194630872483222, "Accuracy": 0.967713004484305}, "KNN": {"F1": 0.8145454545454546, "Precision": 0.8888888888888888, "Recall": 0.7516778523489933, "Accuracy": 0.954136690647482}, "XGBoost": {"F1": 0.75, "Precision": 0.8608695652173913, "Recall": 0.6644295302013423, "Accuracy": 0.9406474820143885}, "LR": {"F1": 0.9219858156028369, "Precision": 0.9774436090225563, "Recall": 0.87248322147651, "Accuracy": 0.9802158273381295}, "SVM": {"F1": 0.9178082191780822, "Precision": 0.9370629370629371, "Recall": 0.8993288590604027, "Accuracy": 0.9784172661870504}}, "augmented_spam_2": {"NB": {"F1": 0.8506493506493507, "Precision": 0.8238993710691824, "Recall": 0.8791946308724832, "Accuracy": 0.9586330935251799}, "BERT": {"F1": 0.9634551495016611, "Precision": 0.9539473684210527, "Recall": 0.9731543624161074, "Accuracy": 0.9901345291479821}, "LightGBM": {"F1": 0.9065743944636678, "Precision": 0.9357142857142857, "Recall": 0.8791946308724832, "Accuracy": 0.9757194244604317}, "LSTM": {"F1": 0.9391891891891893, "Precision": 0.9455782312925171, "Recall": 0.9328859060402684, "Accuracy": 0.9838565022421525}, "KNN": {"F1": 0.8344827586206897, "Precision": 0.8581560283687943, "Recall": 0.8120805369127517, "Accuracy": 0.9568345323741008}, "XGBoost": {"F1": 0.759124087591241, "Precision": 0.832, "Recall": 0.697986577181208, "Accuracy": 0.9406474820143885}, "LR": {"F1": 0.9204152249134949, "Precision": 0.95, "Recall": 0.8926174496644296, "Accuracy": 0.97931654676259}, "SVM": {"F1": 0.9178082191780822, "Precision": 0.9370629370629371, "Recall": 0.8993288590604027, "Accuracy": 0.9784172661870504}}, "augmented_spam_3": {"NB": {"F1": 0.8364779874213837, "Precision": 0.7869822485207101, "Recall": 0.8926174496644296, "Accuracy": 0.9532374100719424}, "BERT": {"F1": 0.9664429530201343, "Precision": 0.9664429530201343, "Recall": 0.9664429530201343, "Accuracy": 0.9910313901345291}, "LightGBM": {"F1": 0.910958904109589, "Precision": 0.9300699300699301, "Recall": 0.8926174496644296, "Accuracy": 0.9766187050359713}, "LSTM": {"F1": 0.9411764705882352, "Precision": 0.9714285714285714, "Recall": 0.912751677852349, "Accuracy": 0.9847533632286996}, "KNN": {"F1": 0.8338983050847458, "Precision": 0.8424657534246576, "Recall": 0.825503355704698, "Accuracy": 0.9559352517985612}, "XGBoost": {"F1": 0.7859649122807018, "Precision": 0.8235294117647058, "Recall": 0.7516778523489933, "Accuracy": 0.9451438848920863}, "LR": {"F1": 0.9054054054054055, "Precision": 0.9115646258503401, "Recall": 0.8993288590604027, "Accuracy": 0.9748201438848921}, "SVM": {"F1": 0.9183673469387755, "Precision": 0.9310344827586207, "Recall": 0.9060402684563759, "Accuracy": 0.9784172661870504}}, "augmented_spam_4": {"NB": {"F1": 0.8148148148148148, "Precision": 0.7542857142857143, "Recall": 0.8859060402684564, "Accuracy": 0.9460431654676259}, "BERT": {"F1": 0.9733333333333333, "Precision": 0.9668874172185431, "Recall": 0.9798657718120806, "Accuracy": 0.9928251121076234}, "LightGBM": {"F1": 0.8993288590604027, "Precision": 0.8993288590604027, "Recall": 0.8993288590604027, "Accuracy": 0.9730215827338129}, "LSTM": {"F1": 0.9297658862876254, "Precision": 0.9266666666666666, "Recall": 0.9328859060402684, "Accuracy": 0.9811659192825112}, "KNN": {"F1": 0.821917808219178, "Precision": 0.8391608391608392, "Recall": 0.8053691275167785, "Accuracy": 0.9532374100719424}, "XGBoost": {"F1": 0.7635135135135135, "Precision": 0.7687074829931972, "Recall": 0.7583892617449665, "Accuracy": 0.9370503597122302}, "LR": {"F1": 0.8993288590604027, "Precision": 0.8993288590604027, "Recall": 0.8993288590604027, "Accuracy": 0.9730215827338129}, "SVM": {"F1": 0.9078498293515358, "Precision": 0.9236111111111112, "Recall": 0.8926174496644296, "Accuracy": 0.9757194244604317}}, "augmented_spam_5": {"NB": {"F1": 0.8060606060606061, "Precision": 0.7348066298342542, "Recall": 0.8926174496644296, "Accuracy": 0.9424460431654677}, "BERT": {"F1": 0.9729729729729729, "Precision": 0.9795918367346939, "Recall": 0.9664429530201343, "Accuracy": 0.9928251121076234}, "LightGBM": {"F1": 0.9016949152542374, "Precision": 0.910958904109589, "Recall": 0.8926174496644296, "Accuracy": 0.9739208633093526}, "LSTM": {"F1": 0.9183673469387755, "Precision": 0.9310344827586207, "Recall": 0.9060402684563759, "Accuracy": 0.97847533632287}, "KNN": {"F1": 0.8080808080808082, "Precision": 0.8108108108108109, "Recall": 0.8053691275167785, "Accuracy": 0.9487410071942446}, "XGBoost": {"F1": 0.7682119205298014, "Precision": 0.7581699346405228, "Recall": 0.7785234899328859, "Accuracy": 0.9370503597122302}, "LR": {"F1": 0.8829431438127091, "Precision": 0.88, "Recall": 0.8859060402684564, "Accuracy": 0.9685251798561151}, "SVM": {"F1": 0.9047619047619048, "Precision": 0.9172413793103448, "Recall": 0.8926174496644296, "Accuracy": 0.9748201438848921}}}