{"generated_350_each": {"NB": {"F1": 0.3837837837837838, "Precision": 0.3212669683257919, "Recall": 0.47651006711409394, "Accuracy": 0.7949640287769785}, "BERT": {"F1": 0.4863945578231292, "Precision": 0.32574031890660593, "Recall": 0.959731543624161, "Accuracy": 0.7291479820627803}, "LightGBM": {"F1": 0.3576642335766424, "Precision": 0.392, "Recall": 0.3288590604026846, "Accuracy": 0.841726618705036}, "LSTM": {"F1": 0.1650485436893204, "Precision": 0.10874200426439233, "Recall": 0.3422818791946309, "Accuracy": 0.537219730941704}, "KNN": {"F1": 0.3573883161512027, "Precision": 0.36619718309859156, "Recall": 0.348993288590604, "Accuracy": 0.8318345323741008}, "XGBoost": {"F1": 0.3833333333333333, "Precision": 0.5054945054945055, "Recall": 0.3087248322147651, "Accuracy": 0.8669064748201439}, "LR": {"F1": 0.4256410256410256, "Precision": 0.34439834024896265, "Recall": 0.5570469798657718, "Accuracy": 0.7985611510791367}, "SVM": {"F1": 0.45255474452554745, "Precision": 0.3549618320610687, "Recall": 0.6241610738255033, "Accuracy": 0.7976618705035972}}, "generated_500_each": {"NB": {"F1": 0.43859649122807015, "Precision": 0.38860103626943004, "Recall": 0.5033557046979866, "Accuracy": 0.8273381294964028}, "BERT": {"F1": 0.570281124497992, "Precision": 0.4068767908309456, "Recall": 0.9530201342281879, "Accuracy": 0.8080717488789237}, "LightGBM": {"F1": 0.4250871080139373, "Precision": 0.4420289855072464, "Recall": 0.40939597315436244, "Accuracy": 0.8516187050359713}, "LSTM": {"F1": 0.15217391304347827, "Precision": 0.4, "Recall": 0.09395973154362416, "Accuracy": 0.8600896860986547}, "KNN": {"F1": 0.33136094674556216, "Precision": 0.2962962962962963, "Recall": 0.37583892617449666, "Accuracy": 0.7967625899280576}, "XGBoost": {"F1": 0.4066390041493776, "Precision": 0.532608695652174, "Recall": 0.3288590604026846, "Accuracy": 0.8714028776978417}, "LR": {"F1": 0.5138121546961326, "Precision": 0.43661971830985913, "Recall": 0.6241610738255033, "Accuracy": 0.841726618705036}, "SVM": {"F1": 0.4461942257217847, "Precision": 0.36637931034482757, "Recall": 0.5704697986577181, "Accuracy": 0.810251798561151}}, "generated_1000_each": {"NB": {"F1": 0.4409448818897637, "Precision": 0.3620689655172414, "Recall": 0.5637583892617449, "Accuracy": 0.8084532374100719}, "BERT": {"F1": 0.7407407407407408, "Precision": 0.6857142857142857, "Recall": 0.8053691275167785, "Accuracy": 0.9246636771300448}, "LightGBM": {"F1": 0.48888888888888893, "Precision": 0.41706161137440756, "Recall": 0.5906040268456376, "Accuracy": 0.8345323741007195}, "LSTM": {"F1": 0.32589285714285715, "Precision": 0.24414715719063546, "Recall": 0.4899328859060403, "Accuracy": 0.7291479820627803}, "KNN": {"F1": 0.20989505247376314, "Precision": 0.13513513513513514, "Recall": 0.4697986577181208, "Accuracy": 0.5260791366906474}, "XGBoost": {"F1": 0.5079365079365079, "Precision": 0.6213592233009708, "Recall": 0.42953020134228187, "Accuracy": 0.8884892086330936}, "LR": {"F1": 0.4444444444444444, "Precision": 0.3791469194312796, "Recall": 0.5369127516778524, "Accuracy": 0.8201438848920863}, "SVM": {"F1": 0.40641711229946526, "Precision": 0.3377777777777778, "Recall": 0.5100671140939598, "Accuracy": 0.8003597122302158}}, "generated_1500_each": {"NB": {"F1": 0.4120603015075377, "Precision": 0.3293172690763052, "Recall": 0.5503355704697986, "Accuracy": 0.789568345323741}, "BERT": {"F1": 0.7818181818181817, "Precision": 0.712707182320442, "Recall": 0.8657718120805369, "Accuracy": 0.9354260089686098}, "LightGBM": {"F1": 0.547008547008547, "Precision": 0.4752475247524752, "Recall": 0.6442953020134228, "Accuracy": 0.8570143884892086}, "LSTM": {"F1": 0.4553314121037464, "Precision": 0.398989898989899, "Recall": 0.5302013422818792, "Accuracy": 0.8304932735426009}, "KNN": {"F1": 0.3719512195121951, "Precision": 0.3407821229050279, "Recall": 0.40939597315436244, "Accuracy": 0.814748201438849}, "XGBoost": {"F1": 0.529182879377432, "Precision": 0.6296296296296297, "Recall": 0.4563758389261745, "Accuracy": 0.8911870503597122}, "LR": {"F1": 0.461139896373057, "Precision": 0.3755274261603376, "Recall": 0.5973154362416108, "Accuracy": 0.8129496402877698}, "SVM": {"F1": 0.42487046632124353, "Precision": 0.3459915611814346, "Recall": 0.5503355704697986, "Accuracy": 0.8003597122302158}}, "generated_2000_each": {"NB": {"F1": 0.41791044776119407, "Precision": 0.33201581027667987, "Recall": 0.5637583892617449, "Accuracy": 0.789568345323741}, "BERT": {"F1": 0.7362924281984334, "Precision": 0.6025641025641025, "Recall": 0.9463087248322147, "Accuracy": 0.9094170403587444}, "LightGBM": {"F1": 0.553072625698324, "Precision": 0.47368421052631576, "Recall": 0.6644295302013423, "Accuracy": 0.8561151079136691}, "LSTM": {"F1": 0.2390438247011952, "Precision": 0.29411764705882354, "Recall": 0.20134228187919462, "Accuracy": 0.8286995515695067}, "KNN": {"F1": 0.19939577039274925, "Precision": 0.1286549707602339, "Recall": 0.4429530201342282, "Accuracy": 0.5233812949640287}, "XGBoost": {"F1": 0.5210727969348659, "Precision": 0.6071428571428571, "Recall": 0.4563758389261745, "Accuracy": 0.887589928057554}, "LR": {"F1": 0.481675392670157, "Precision": 0.3948497854077253, "Recall": 0.6174496644295302, "Accuracy": 0.8219424460431655}, "SVM": {"F1": 0.4370179948586118, "Precision": 0.3541666666666667, "Recall": 0.5704697986577181, "Accuracy": 0.8030575539568345}}, "generated_2500_each": {"NB": {"F1": 0.44110275689223055, "Precision": 0.352, "Recall": 0.5906040268456376, "Accuracy": 0.7994604316546763}, "BERT": {"F1": 0.7088607594936708, "Precision": 0.5691056910569106, "Recall": 0.9395973154362416, "Accuracy": 0.8968609865470852}, "LightGBM": {"F1": 0.5449591280653951, "Precision": 0.45871559633027525, "Recall": 0.6711409395973155, "Accuracy": 0.8498201438848921}, "LSTM": {"F1": 0.44067796610169496, "Precision": 0.286, "Recall": 0.959731543624161, "Accuracy": 0.6744394618834081}, "KNN": {"F1": 0.25178147268408546, "Precision": 0.1948529411764706, "Recall": 0.35570469798657717, "Accuracy": 0.716726618705036}, "XGBoost": {"F1": 0.5283018867924528, "Precision": 0.603448275862069, "Recall": 0.4697986577181208, "Accuracy": 0.887589928057554}, "LR": {"F1": 0.4654731457800511, "Precision": 0.3760330578512397, "Recall": 0.610738255033557, "Accuracy": 0.8120503597122302}, "SVM": {"F1": 0.43544303797468353, "Precision": 0.34959349593495936, "Recall": 0.5771812080536913, "Accuracy": 0.7994604316546763}}, "generated_3000_each": {"NB": {"F1": 0.4588528678304239, "Precision": 0.36507936507936506, "Recall": 0.6174496644295302, "Accuracy": 0.8048561151079137}, "BERT": {"F1": 0.7465181058495821, "Precision": 0.638095238095238, "Recall": 0.8993288590604027, "Accuracy": 0.9183856502242153}, "LightGBM": {"F1": 0.5517241379310345, "Precision": 0.45614035087719296, "Recall": 0.697986577181208, "Accuracy": 0.8480215827338129}, "LSTM": {"F1": 0.654275092936803, "Precision": 0.7333333333333333, "Recall": 0.5906040268456376, "Accuracy": 0.9165919282511211}, "KNN": {"F1": 0.4604651162790698, "Precision": 0.35231316725978645, "Recall": 0.6644295302013423, "Accuracy": 0.7913669064748201}, "XGBoost": {"F1": 0.5239852398523985, "Precision": 0.5819672131147541, "Recall": 0.47651006711409394, "Accuracy": 0.8839928057553957}, "LR": {"F1": 0.47000000000000003, "Precision": 0.3745019920318725, "Recall": 0.6308724832214765, "Accuracy": 0.8093525179856115}, "SVM": {"F1": 0.4536082474226804, "Precision": 0.3682008368200837, "Recall": 0.5906040268456376, "Accuracy": 0.8093525179856115}}, "generated_3500_each": {"NB": {"F1": 0.46478873239436624, "Precision": 0.3574007220216607, "Recall": 0.6644295302013423, "Accuracy": 0.7949640287769785}, "BERT": {"F1": 0.7624309392265194, "Precision": 0.647887323943662, "Recall": 0.9261744966442953, "Accuracy": 0.9228699551569507}, "LightGBM": {"F1": 0.5473145780051151, "Precision": 0.44214876033057854, "Recall": 0.7181208053691275, "Accuracy": 0.8408273381294964}, "LSTM": {"F1": 0.521505376344086, "Precision": 0.4349775784753363, "Recall": 0.6510067114093959,