{"generated_350_each": {"NB": {"F1": 0.3837837837837838, "Precision": 0.3212669683257919, "Recall": 0.47651006711409394, "Accuracy": 0.7949640287769785}, "BERT": {"F1": 0.5790554414784395, "Precision": 0.4171597633136095, "Recall": 0.9463087248322147, "Accuracy": 0.8161434977578476}, "LightGBM": {"F1": 0.3576642335766424, "Precision": 0.392, "Recall": 0.3288590604026846, "Accuracy": 0.841726618705036}, "LSTM": {"F1": 0.1422594142259414, "Precision": 0.18888888888888888, "Recall": 0.11409395973154363, "Accuracy": 0.8161434977578476}, "KNN": {"F1": 0.36075949367088606, "Precision": 0.3413173652694611, "Recall": 0.3825503355704698, "Accuracy": 0.8183453237410072}, "XGBoost": {"F1": 0.3833333333333333, "Precision": 0.5054945054945055, "Recall": 0.3087248322147651, "Accuracy": 0.8669064748201439}, "LR": {"F1": 0.4256410256410256, "Precision": 0.34439834024896265, "Recall": 0.5570469798657718, "Accuracy": 0.7985611510791367}, "SVM": {"F1": 0.45255474452554745, "Precision": 0.3549618320610687, "Recall": 0.6241610738255033, "Accuracy": 0.7976618705035972}}, "generated_500_each": {"NB": {"F1": 0.43859649122807015, "Precision": 0.38860103626943004, "Recall": 0.5033557046979866, "Accuracy": 0.8273381294964028}, "BERT": {"F1": 0.5557729941291585, "Precision": 0.39226519337016574, "Recall": 0.9530201342281879, "Accuracy": 0.7964125560538117}, "LightGBM": {"F1": 0.4250871080139373, "Precision": 0.4420289855072464, "Recall": 0.40939597315436244, "Accuracy": 0.8516187050359713}, "LSTM": {"F1": 0.2836185819070905, "Precision": 0.2230769230769231, "Recall": 0.38926174496644295, "Accuracy": 0.737219730941704}, "KNN": {"F1": 0.36516853932584264, "Precision": 0.3140096618357488, "Recall": 0.436241610738255, "Accuracy": 0.7967625899280576}, "XGBoost": {"F1": 0.4066390041493776, "Precision": 0.532608695652174, "Recall": 0.3288590604026846, "Accuracy": 0.8714028776978417}, "LR": {"F1": 0.5138121546961326, "Precision": 0.43661971830985913, "Recall": 0.6241610738255033, "Accuracy": 0.841726618705036}, "SVM": {"F1": 0.4461942257217847, "Precision": 0.36637931034482757, "Recall": 0.5704697986577181, "Accuracy": 0.810251798561151}}, "generated_1000_each": {"NB": {"F1": 0.4409448818897637, "Precision": 0.3620689655172414, "Recall": 0.5637583892617449, "Accuracy": 0.8084532374100719}, "BERT": {"F1": 0.6554621848739497, "Precision": 0.5625, "Recall": 0.785234899328859, "Accuracy": 0.8896860986547085}, "LightGBM": {"F1": 0.48888888888888893, "Precision": 0.41706161137440756, "Recall": 0.5906040268456376, "Accuracy": 0.8345323741007195}, "LSTM": {"F1": 0.4542372881355933, "Precision": 0.30385487528344673, "Recall": 0.8993288590604027, "Accuracy": 0.7112107623318386}, "KNN": {"F1": 0.3103448275862069, "Precision": 0.271356783919598, "Recall": 0.3624161073825503, "Accuracy": 0.7841726618705036}, "XGBoost": {"F1": 0.5079365079365079, "Precision": 0.6213592233009708, "Recall": 0.42953020134228187, "Accuracy": 0.8884892086330936}, "LR": {"F1": 0.4444444444444444, "Precision": 0.3791469194312796, "Recall": 0.5369127516778524, "Accuracy": 0.8201438848920863}, "SVM": {"F1": 0.40641711229946526, "Precision": 0.3377777777777778, "Recall": 0.5100671140939598, "Accuracy": 0.8003597122302158}}, "generated_1500_each": {"NB": {"F1": 0.4120603015075377, "Precision": 0.3293172690763052, "Recall": 0.5503355704697986, "Accuracy": 0.789568345323741}, "BERT": {"F1": 0.7692307692307692, "Precision": 0.7361963190184049, "Recall": 0.8053691275167785, "Accuracy": 0.9354260089686098}, "LightGBM": {"F1": 0.547008547008547, "Precision": 0.4752475247524752, "Recall": 0.6442953020134228, "Accuracy": 0.8570143884892086}, "LSTM": {"F1": 0.5056947608200455, "Precision": 0.38275862068965516, "Recall": 0.7449664429530202, "Accuracy": 0.8053811659192825}, "KNN": {"F1": 0.3546511627906977, "Precision": 0.3128205128205128, "Recall": 0.40939597315436244, "Accuracy": 0.8003597122302158}, "XGBoost": {"F1": 0.529182879377432, "Precision": 0.6296296296296297, "Recall": 0.4563758389261745, "Accuracy": 0.8911870503597122}, "LR": {"F1": 0.461139896373057, "Precision": 0.3755274261603376, "Recall": 0.5973154362416108, "Accuracy": 0.8129496402877698}, "SVM": {"F1": 0.4146981627296588, "Precision": 0.34051724137931033, "Recall": 0.5302013422818792, "Accuracy": 0.7994604316546763}}, "generated_2000_each": {"NB": {"F1": 0.41791044776119407, "Precision": 0.33201581027667987, "Recall": 0.5637583892617449, "Accuracy": 0.789568345323741}, "BERT": {"F1": 0.7605633802816901, "Precision": 0.6553398058252428, "Recall": 0.9060402684563759, "Accuracy": 0.9237668161434978}, "LightGBM": {"F1": 0.553072625698324, "Precision": 0.47368421052631576, "Recall": 0.6644295302013423, "Accuracy": 0.8561151079136691}, "LSTM": {"F1": 0.48314606741573035, "Precision": 0.33506493506493507, "Recall": 0.8657718120805369, "Accuracy": 0.7524663677130045}, "KNN": {"F1": 0.2723521320495186, "Precision": 0.17128027681660898, "Recall": 0.6644295302013423, "Accuracy": 0.5242805755395683}, "XGBoost": {"F1": 0.5210727969348659, "Precision": 0.6071428571428571, "Recall": 0.4563758389261745, "Accuracy": 0.887589928057554}, "LR": {"F1": 0.481675392670157, "Precision": 0.3948497854077253, "Recall": 0.6174496644295302, "Accuracy": 0.8219424460431655}, "SVM": {"F1": 0.4387755102040817, "Precision": 0.35390946502057613, "Recall": 0.5771812080536913, "Accuracy": 0.802158273381295}}, "generated_2500_each": {"NB": {"F1": 0.44110275689223055, "Precision": 0.352, "Recall": 0.5906040268456376, "Accuracy": 0.7994604316546763}, "BERT": {"F1": 0.7499999999999999, "Precision": 0.6502463054187192, "Recall": 0.8859060402684564, "Accuracy": 0.9210762331838565}, "LightGBM": {"F1": 0.5449591280653951, "Precision": 0.45871559633027525, "Recall": 0.6711409395973155, "Accuracy": 0.8498201438848921}, "LSTM": {"F1": 0.41735537190082644, "Precision": 0.30149253731343284, "Recall": 0.6778523489932886, "Accuracy": 0.747085201793722}, "KNN": {"F1": 0.18502202643171806, "Precision": 0.11842105263157894, "Recall": 0.4228187919463087, "Accuracy": 0.5008992805755396}, "XGBoost": {"F1": 0.5283018867924528, "Precision": 0.603448275862069, "Recall": 0.4697986577181208, "Accuracy": 0.887589928057554}, "LR": {"F1": 0.4654731457800511, "Precision": 0.3760330578512397, "Recall": 0.610738255033557, "Accuracy": 0.8120503597122302}, "SVM": {"F1": 0.44723618090452266, "Precision": 0.357429718875502, "Recall": 0.5973154362416108, "Accuracy": 0.802158273381295}}, "generated_3000_each": {"NB": {"F1": 0.4588528678304239, "Precision": 0.36507936507936506, "Recall": 0.6174496644295302, "Accuracy": 0.8048561151079137}, "BERT": {"F1": 0.7613293051359517, "Precision": 0.6923076923076923, "Recall": 0.8456375838926175, "Accuracy": 0.9291479820627803}, "LightGBM": {"F1": 0.5517241379310345, "Precision": 0.45614035087719296, "Recall": 0.697986577181208, "Accuracy": 0.8480215827338129}, "LSTM": {"F1": 0.5065502183406113, "Precision": 0.37540453074433655, "Recall": 0.7785234899328859, "Accuracy": 0.7973094170403587}, "KNN": {"F1": 0.32558139534883723, "Precision": 0.2647058823529412, "Recall": 0.4228187919463087, "Accuracy": 0.7652877697841727}, "XGBoost": {"F1": 0.5239852398523985, "Precision": 0.5819672131147541, "Recall": 0.47651006711409394, "Accuracy": 0.8839928057553957}, "LR": {"F1": 0.47000000000000003, "Precision": 0.3745019920318725, "Recall": 0.6308724832214765, "Accuracy": 0.8093525179856115}, "SVM": {"F1": 0.4484536082474227, "Precision": 0.36401673640167365, "Recall": 0.5838926174496645, "Accuracy": 0.8075539568345323}}, "generated_3500_each": {"NB": {"F1": 0.46478873239436624, "Precision": 0.3574007220216607, "Recall": 0.6644295302013423, "Accuracy": 0.7949640287769785}, "BERT": {"F1": 0.7204610951008645, "Precision": 0.6313131313131313, "Recall": 0.8389261744966443, "Accuracy": 0.9130044843049328}, "LightGBM": {"F1": 0.5473145780051151, "Precision": 0.44214876033057854, "Recall": 0.7181208053691275, "Accuracy": 0.8408273381294964}, "LSTM": {"F1": 0.6741573033707865, "Precision": 0.5797101449275363,