{"generated_350_each": {"NB": {"F1": 0.3837837837837838, "Precision": 0.3212669683257919, "Recall": 0.47651006711409394, "Accuracy": 0.7949640287769785}, "BERT": {"F1": 0.5590551181102362, "Precision": 0.3955431754874652, "Recall": 0.9530201342281879, "Accuracy": 0.7991031390134529}, "LightGBM": {"F1": 0.3576642335766424, "Precision": 0.392, "Recall": 0.3288590604026846, "Accuracy": 0.841726618705036}, "LSTM": {"F1": 0.12121212121212122, "Precision": 0.11049723756906077, "Recall": 0.1342281879194631, "Accuracy": 0.7399103139013453}, "KNN": {"F1": 0.22674418604651161, "Precision": 0.14471243042671614, "Recall": 0.5234899328859061, "Accuracy": 0.5215827338129496}, "XGBoost": {"F1": 0.3833333333333333, "Precision": 0.5054945054945055, "Recall": 0.3087248322147651, "Accuracy": 0.8669064748201439}, "LR": {"F1": 0.4256410256410256, "Precision": 0.34439834024896265, "Recall": 0.5570469798657718, "Accuracy": 0.7985611510791367}, "SVM": {"F1": 0.45255474452554745, "Precision": 0.3549618320610687, "Recall": 0.6241610738255033, "Accuracy": 0.7976618705035972}}, "generated_500_each": {"NB": {"F1": 0.43859649122807015, "Precision": 0.38860103626943004, "Recall": 0.5033557046979866, "Accuracy": 0.8273381294964028}, "BERT": {"F1": 0.5882352941176471, "Precision": 0.42813455657492355, "Recall": 0.9395973154362416, "Accuracy": 0.8242152466367713}, "LightGBM": {"F1": 0.4250871080139373, "Precision": 0.4420289855072464, "Recall": 0.40939597315436244, "Accuracy": 0.8516187050359713}, "LSTM": {"F1": 0.20180722891566266, "Precision": 0.13009708737864079, "Recall": 0.44966442953020136, "Accuracy": 0.5246636771300448}, "KNN": {"F1": 0.3170731707317073, "Precision": 0.2905027932960894, "Recall": 0.348993288590604, "Accuracy": 0.7985611510791367}, "XGBoost": {"F1": 0.4066390041493776, "Precision": 0.532608695652174, "Recall": 0.3288590604026846, "Accuracy": 0.8714028776978417}, "LR": {"F1": 0.5138121546961326, "Precision": 0.43661971830985913, "Recall": 0.6241610738255033, "Accuracy": 0.841726618705036}, "SVM": {"F1": 0.43501326259946954, "Precision": 0.35964912280701755, "Recall": 0.5503355704697986, "Accuracy": 0.8084532374100719}}, "generated_1000_each": {"NB": {"F1": 0.4409448818897637, "Precision": 0.3620689655172414, "Recall": 0.5637583892617449, "Accuracy": 0.8084532374100719}, "BERT": {"F1": 0.6811989100817438, "Precision": 0.573394495412844, "Recall": 0.8389261744966443, "Accuracy": 0.895067264573991}, "LightGBM": {"F1": 0.48888888888888893, "Precision": 0.41706161137440756, "Recall": 0.5906040268456376, "Accuracy": 0.8345323741007195}, "LSTM": {"F1": 0.4498480243161094, "Precision": 0.4111111111111111, "Recall": 0.4966442953020134, "Accuracy": 0.8376681614349776}, "KNN": {"F1": 0.3259668508287293, "Precision": 0.27699530516431925, "Recall": 0.3959731543624161, "Accuracy": 0.7805755395683454}, "XGBoost": {"F1": 0.5079365079365079, "Precision": 0.6213592233009708, "Recall": 0.42953020134228187, "Accuracy": 0.8884892086330936}, "LR": {"F1": 0.4444444444444444, "Precision": 0.3791469194312796, "Recall": 0.5369127516778524, "Accuracy": 0.8201438848920863}, "SVM": {"F1": 0.40641711229946526, "Precision": 0.3377777777777778, "Recall": 0.5100671140939598, "Accuracy": 0.8003597122302158}}, "generated_1500_each": {"NB": {"F1": 0.4120603015075377, "Precision": 0.3293172690763052, "Recall": 0.5503355704697986, "Accuracy": 0.789568345323741}, "BERT": {"F1": 0.6715328467153284, "Precision": 0.5267175572519084, "Recall": 0.9261744966442953, "Accuracy": 0.8789237668161435}, "LightGBM": {"F1": 0.547008547008547, "Precision": 0.4752475247524752, "Recall": 0.6442953020134228, "Accuracy": 0.8570143884892086}, "LSTM": {"F1": 0.03827751196172249, "Precision": 0.06666666666666667, "Recall": 0.026845637583892617, "Accuracy": 0.8197309417040358}, "KNN": {"F1": 0.33136094674556216, "Precision": 0.2962962962962963, "Recall": 0.37583892617449666, "Accuracy": 0.7967625899280576}, "XGBoost": {"F1": 0.529182879377432, "Precision": 0.6296296296296297, "Recall": 0.4563758389261745, "Accuracy": 0.8911870503597122}, "LR": {"F1": 0.461139896373057, "Precision": 0.3755274261603376, "Recall": 0.5973154362416108, "Accuracy": 0.8129496402877698}, "SVM": {"F1": 0.42487046632124353, "Precision": 0.3459915611814346, "Recall": 0.5503355704697986, "Accuracy": 0.8003597122302158}}, "generated_2000_each": {"NB": {"F1": 0.41791044776119407, "Precision": 0.33201581027667987, "Recall": 0.5637583892617449, "Accuracy": 0.789568345323741}, "BERT": {"F1": 0.7528089887640449, "Precision": 0.6473429951690821, "Recall": 0.8993288590604027, "Accuracy": 0.9210762331838565}, "LightGBM": {"F1": 0.553072625698324, "Precision": 0.47368421052631576, "Recall": 0.6644295302013423, "Accuracy": 0.8561151079136691}, "LSTM": {"F1": 0.45011600928074247, "Precision": 0.34397163120567376, "Recall": 0.6510067114093959, "Accuracy": 0.7874439461883408}, "KNN": {"F1": 0.19822485207100596, "Precision": 0.127134724857685, "Recall": 0.44966442953020136, "Accuracy": 0.512589928057554}, "XGBoost": {"F1": 0.5210727969348659, "Precision": 0.6071428571428571, "Recall": 0.4563758389261745, "Accuracy": 0.887589928057554}, "LR": {"F1": 0.481675392670157, "Precision": 0.3948497854077253, "Recall": 0.6174496644295302, "Accuracy": 0.8219424460431655}, "SVM": {"F1": 0.4296675191815857, "Precision": 0.34710743801652894, "Recall": 0.5637583892617449, "Accuracy": 0.7994604316546763}}, "generated_2500_each": {"NB": {"F1": 0.44110275689223055, "Precision": 0.352, "Recall": 0.5906040268456376, "Accuracy": 0.7994604316546763}, "BERT": {"F1": 0.7388535031847134, "Precision": 0.703030303030303, "Recall": 0.7785234899328859, "Accuracy": 0.9264573991031391}, "LightGBM": {"F1": 0.5449591280653951, "Precision": 0.45871559633027525, "Recall": 0.6711409395973155, "Accuracy": 0.8498201438848921}, "LSTM": {"F1": 0.3766816143497757, "Precision": 0.5675675675675675, "Recall": 0.28187919463087246, "Accuracy": 0.8753363228699551}, "KNN": {"F1": 0.2619647355163728, "Precision": 0.20967741935483872, "Recall": 0.348993288590604, "Accuracy": 0.7365107913669064}, "XGBoost": {"F1": 0.5283018867924528, "Precision": 0.603448275862069, "Recall": 0.4697986577181208, "Accuracy": 0.887589928057554}, "LR": {"F1": 0.4654731457800511, "Precision": 0.3760330578512397, "Recall": 0.610738255033557, "Accuracy": 0.8120503597122302}, "SVM": {"F1": 0.438287153652393, "Precision": 0.35080645161290325, "Recall": 0.5838926174496645, "Accuracy": 0.7994604316546763}}, "generated_3000_each": {"NB": {"F1": 0.4588528678304239, "Precision": 0.36507936507936506, "Recall": 0.6174496644295302, "Accuracy": 0.8048561151079137}, "BERT": {"F1": 0.6974358974358974, "Precision": 0.5643153526970954, "Recall": 0.912751677852349, "Accuracy": 0.8941704035874439}, "LightGBM": {"F1": 0.5517241379310345, "Precision": 0.45614035087719296, "Recall": 0.697986577181208, "Accuracy": 0.8480215827338129}, "LSTM": {"F1": 0.5497835497835498, "Precision": 0.4057507987220447, "Recall": 0.8523489932885906, "Accuracy": 0.8134529147982063}, "KNN": {"F1": 0.4391408114558472, "Precision": 0.34074074074074073, "Recall": 0.6174496644295302, "Accuracy": 0.7886690647482014}, "XGBoost": {"F1": 0.5239852398523985, "Precision": 0.5819672131147541, "Recall": 0.47651006711409394, "Accuracy": 0.8839928057553957}, "LR": {"F1": 0.47000000000000003, "Precision": 0.3745019920318725, "Recall": 0.6308724832214765, "Accuracy": 0.8093525179856115}, "SVM": {"F1": 0.4591029023746702, "Precision": 0.3782608695652174, "Recall": 0.5838926174496645, "Accuracy": 0.8156474820143885}}, "generated_3500_each": {"NB": {"F1": 0.46478873239436624, "Precision": 0.3574007220216607, "Recall": 0.6644295302013423, "Accuracy": 0.7949640287769785}, "BERT": {"F1": 0.7915407854984894, "Precision": 0.7197802197802198, "Recall": 0.8791946308724832, "Accuracy": 0.9381165919282511}, "LightGBM": {"F1": 0.5473145780051151, "Precision": 0.44214876033057854, "Recall": 0.7181208053691275, "Accuracy": 0.8408273381294964}, "LSTM": {"F1": 0.608, "Precision": 0.504424778761062,