{"generated_350_each": {"NB": {"F1": 0.4215633423180593, "Precision": 0.3528880866425993, "Recall": 0.5234270414993306, "Accuracy": 0.807118461261909}, "BERT": {"F1": 0.5281026027913995, "Precision": 0.36764705882352944, "Recall": 0.9370816599732262, "Accuracy": 0.7754845656855707}, "LightGBM": {"F1": 0.31970802919708025, "Precision": 0.35152487961476725, "Recall": 0.2931726907630522, "Accuracy": 0.8324644975732518}, "LSTM": {"F1": 0.24113706910635518, "Precision": 0.13732787495347973, "Recall": 0.9879518072289156, "Accuracy": 0.166367552045944}, "KNN": {"F1": 0.3369304556354916, "Precision": 0.30510314875135724, "Recall": 0.37617135207496655, "Accuracy": 0.8011864102103182}, "XGBoost": {"F1": 0.3584589614740369, "Precision": 0.47874720357941836, "Recall": 0.28647925033467203, "Accuracy": 0.8623045119539816}, "LR": {"F1": 0.41740031071983424, "Precision": 0.3403716216216216, "Recall": 0.5394912985274432, "Accuracy": 0.7977709868775841}, "SVM": {"F1": 0.4288443170964661, "Precision": 0.3333333333333333, "Recall": 0.6010709504685409, "Accuracy": 0.7850080891605249}}, "generated_500_each": {"NB": {"F1": 0.4518966465090709, "Precision": 0.3833955223880597, "Recall": 0.5502008032128514, "Accuracy": 0.8207801545928456}, "BERT": {"F1": 0.5326747720364742, "Precision": 0.37188328912466845, "Recall": 0.9384203480589023, "Accuracy": 0.7792534099066762}, "LightGBM": {"F1": 0.380952380952381, "Precision": 0.39316239316239315, "Recall": 0.36947791164658633, "Accuracy": 0.8387560668703937}, "LSTM": {"F1": 0.08226792662590328, "Precision": 0.07034220532319392, "Recall": 0.09906291834002677, "Accuracy": 0.7036970567121321}, "KNN": {"F1": 0.36216839677047286, "Precision": 0.3181357649442756, "Recall": 0.4203480589022758, "Accuracy": 0.8011864102103182}, "XGBoost": {"F1": 0.37919463087248323, "Precision": 0.5078651685393258, "Recall": 0.30254350736278446, "Accuracy": 0.8669782491461442}, "LR": {"F1": 0.48110697179350725, "Precision": 0.3992932862190813, "Recall": 0.6050870147255689, "Accuracy": 0.8247348552939061}, "SVM": {"F1": 0.4397022332506203, "Precision": 0.34936908517350157, "Recall": 0.5930388219544847, "Accuracy": 0.7970519503864821}}, "generated_1000_each": {"NB": {"F1": 0.4542235710672737, "Precision": 0.3650406504065041, "Recall": 0.6010709504685409, "Accuracy": 0.8060399065252561}, "BERT": {"F1": 0.753309265944645, "Precision": 0.6841530054644809, "Recall": 0.8380187416331994, "Accuracy": 0.9264178033022255}, "LightGBM": {"F1": 0.4753654574986464, "Precision": 0.3990909090909091, "Recall": 0.5876840696117804, "Accuracy": 0.8258134100305591}, "LSTM": {"F1": 0.5063291139240506, "Precision": 0.5333333333333333, "Recall": 0.4819277108433735, "Accuracy": 0.8740129217516153}, "KNN": {"F1": 0.34768026830631643, "Precision": 0.29846449136276393, "Recall": 0.41633199464524767, "Accuracy": 0.7902211037210138}, "XGBoost": {"F1": 0.4528301886792453, "Precision": 0.5485714285714286, "Recall": 0.3855421686746988, "Accuracy": 0.8748876505482653}, "LR": {"F1": 0.4527310924369748, "Precision": 0.37251512532411407, "Recall": 0.5769745649263721, "Accuracy": 0.812690994067949}, "SVM": {"F1": 0.4309623430962343, "Precision": 0.3536480686695279, "Recall": 0.5515394912985274, "Accuracy": 0.8044220744202768}}, "generated_1500_each": {"NB": {"F1": 0.42960115329168674, "Precision": 0.3350824587706147, "Recall": 0.5983935742971888, "Accuracy": 0.7866259212655042}, "BERT": {"F1": 0.734087694483734, "Precision": 0.7781109445277361, "Recall": 0.6947791164658634, "Accuracy": 0.9325197415649676}, "LightGBM": {"F1": 0.5066952329941081, "Precision": 0.42232142857142857, "Recall": 0.6331994645247657, "Accuracy": 0.8344418479237822}, "LSTM": {"F1": 0.4006276150627615, "Precision": 0.32875536480686696, "Recall": 0.5127175368139224, "Accuracy": 0.7943287867910983}, "KNN": {"F1": 0.3578378378378379, "Precision": 0.300090661831369, "Recall": 0.4431057563587684, "Accuracy": 0.7864461621427288}, "XGBoost": {"F1": 0.46976744186046515, "Precision": 0.5580110497237569, "Recall": 0.40562248995983935, "Accuracy": 0.8770447600215711}, "LR": {"F1": 0.4650924024640657, "Precision": 0.3771856786011657, "Recall": 0.606425702811245, "Accuracy": 0.812690994067949}, "SVM": {"F1": 0.4426059979317477, "Precision": 0.36057287278854255, "Recall": 0.5729585006693441, "Accuracy": 0.8062196656480316}}, "generated_2000_each": {"NB": {"F1": 0.44272595456742386, "Precision": 0.3464447806354009, "Recall": 0.6131191432396251, "Accuracy": 0.7927377314398706}, "BERT": {"F1": 0.733115468409586, "Precision": 0.6179981634527089, "Recall": 0.9009370816599732, "Accuracy": 0.9120603015075377}, "LightGBM": {"F1": 0.5252747252747253, "Precision": 0.44547996272134205, "Recall": 0.6398929049531459, "Accuracy": 0.8446881179219845}, "LSTM": {"F1": 0.358695652173913, "Precision": 0.22502557108762358, "Recall": 0.8835341365461847, "Accuracy": 0.5764536970567121}, "KNN": {"F1": 0.3400222965440357, "Precision": 0.2913085004775549, "Recall": 0.40829986613119146, "Accuracy": 0.7871651986338307}, "XGBoost": {"F1": 0.46697388632872505, "Precision": 0.5477477477477477, "Recall": 0.4069611780455154, "Accuracy": 0.8752471687938163}, "LR": {"F1": 0.4897750511247443, "Precision": 0.39619520264681557, "Recall": 0.6412315930388219, "Accuracy": 0.8206003954700701}, "SVM": {"F1": 0.4698672114402451, "Precision": 0.37985136251032203, "Recall": 0.6157965194109772, "Accuracy": 0.8134100305590509}}, "generated_2500_each": {"NB": {"F1": 0.4632388274867852, "Precision": 0.3613193403298351, "Recall": 0.6452476572958501, "Accuracy": 0.7992090598597879}, "BERT": {"F1": 0.7907501410039481, "Precision": 0.6832358674463938, "Recall": 0.9384203480589023, "Accuracy": 0.9334170854271356}, "LightGBM": {"F1": 0.5278528934559221, "Precision": 0.44283121597096187, "Recall": 0.6532797858099063, "Accuracy": 0.8430702858170052}, "LSTM": {"F1": 0.10975609756097561, "Precision": 0.6164383561643836, "Recall": 0.060240963855421686, "Accuracy": 0.8689877961234745}, "KNN": {"F1": 0.20746634026927785, "Precision": 0.13447044823482746, "Recall": 0.4538152610441767, "Accuracy": 0.5344238720115045}, "XGBoost": {"F1": 0.46792452830188674, "Precision": 0.5363321799307958, "Recall": 0.4149933065595716, "Accuracy": 0.873269818443286}, "LR": {"F1": 0.47799385875127937, "Precision": 0.3869096934548467, "Recall": 0.6251673360107095, "Accuracy": 0.8166456947690095}, "SVM": {"F1": 0.4875318066157761, "Precision": 0.39326765188834156, "Recall": 0.6412315930388219, "Accuracy": 0.8189825633650908}}, "generated_3000_each": {"NB": {"F1": 0.4821600771456124, "Precision": 0.37678975131876413, "Recall": 0.6693440428380187, "Accuracy": 0.8069387021391335}, "BERT": {"F1": 0.8173258003766478, "Precision": 0.7695035460992907, "Recall": 0.8714859437751004, "Accuracy": 0.9477745872218234}, "LightGBM": {"F1": 0.5487480021310601, "Precision": 0.4557522123893805, "Recall": 0.6894243641231593, "Accuracy": 0.8477440230091677}, "LSTM": {"F1": 0.49499999999999994, "Precision": 0.33755479785679493, "Recall": 0.927710843373494, "Accuracy": 0.7462311557788944}, "KNN": {"F1": 0.46353467561521255, "Precision": 0.3481182795698925, "Recall": 0.6934404283801874, "Accuracy": 0.7844688117921984}, "XGBoost": {"F1": 0.47711927981995494, "Precision": 0.5426621160409556, "Recall": 0.42570281124497994, "Accuracy": 0.8747078914254899}, "LR": {"F1": 0.47652347652347654, "Precision": 0.3800796812749004, "Recall": 0.6385542168674698, "Accuracy": 0.811612439331296}, "SVM": {"F1": 0.4849719816607235, "Precision": 0.39144736842105265, "Recall": 0.6372155287817939, "Accuracy": 0.8182635268739888}}, "generated_3500_each": {"NB": {"F1": 0.4888475836431226, "Precision": 0.37437722419928826, "Recall": 0.7041499330655957, "Accuracy": 0.8022649649469711}, "BERT": {"F1": 0.756786102062975, "Precision": 0.6365296803652968, "Recall": 0.9330655957161981, "Accuracy": 0.9195979899497487}, "LightGBM": {"F1": 0.536231884057971, "Precision": 0.4371308016877637, "Recall": 0.6934404283801874, "Accuracy": 0.8389358259931692},