{"augmented_mixed_100": {"NB": {"F1": 0.8539325842696628, "Precision": 0.9661016949152542, "Recall": 0.7651006711409396, "Accuracy": 0.9649280575539568}, "BERT": {"F1": 0.9533333333333331, "Precision": 0.9470198675496688, "Recall": 0.959731543624161, "Accuracy": 0.9874439461883409}, "LightGBM": {"F1": 0.7258064516129032, "Precision": 0.9090909090909091, "Recall": 0.6040268456375839, "Accuracy": 0.9388489208633094}, "LSTM": {"F1": 0.8692810457516339, "Precision": 0.8471337579617835, "Recall": 0.8926174496644296, "Accuracy": 0.9641255605381166}, "KNN": {"F1": 0.6347826086956522, "Precision": 0.9012345679012346, "Recall": 0.4899328859060403, "Accuracy": 0.9244604316546763}, "XGBoost": {"F1": 0.5142857142857142, "Precision": 0.8852459016393442, "Recall": 0.3624161073825503, "Accuracy": 0.908273381294964}, "LR": {"F1": 0.6893617021276595, "Precision": 0.9418604651162791, "Recall": 0.5436241610738255, "Accuracy": 0.9343525179856115}, "SVM": {"F1": 0.8389513108614233, "Precision": 0.9491525423728814, "Recall": 0.7516778523489933, "Accuracy": 0.9613309352517986}}}