{"generated_350_each": {"NB": {"F1": 0.3837837837837838, "Precision": 0.3212669683257919, "Recall": 0.47651006711409394, "Accuracy": 0.7949640287769785}, "BERT": {"F1": 0.6, "Precision": 0.4350453172205438, "Recall": 0.9664429530201343, "Accuracy": 0.8278026905829596}, "LightGBM": {"F1": 0.3576642335766424, "Precision": 0.392, "Recall": 0.3288590604026846, "Accuracy": 0.841726618705036}, "LSTM": {"F1": 0.11013215859030837, "Precision": 0.08196721311475409, "Recall": 0.16778523489932887, "Accuracy": 0.6376681614349776}, "KNN": {"F1": 0.23975720789074353, "Precision": 0.15490196078431373, "Recall": 0.5302013422818792, "Accuracy": 0.5494604316546763}, "XGBoost": {"F1": 0.3833333333333333, "Precision": 0.5054945054945055, "Recall": 0.3087248322147651, "Accuracy": 0.8669064748201439}, "LR": {"F1": 0.4256410256410256, "Precision": 0.34439834024896265, "Recall": 0.5570469798657718, "Accuracy": 0.7985611510791367}, "SVM": {"F1": 0.45255474452554745, "Precision": 0.3549618320610687, "Recall": 0.6241610738255033, "Accuracy": 0.7976618705035972}}, "generated_500_each": {"NB": {"F1": 0.43859649122807015, "Precision": 0.38860103626943004, "Recall": 0.5033557046979866, "Accuracy": 0.8273381294964028}, "BERT": {"F1": 0.6783042394014963, "Precision": 0.5396825396825397, "Recall": 0.912751677852349, "Accuracy": 0.884304932735426}, "LightGBM": {"F1": 0.4250871080139373, "Precision": 0.4420289855072464, "Recall": 0.40939597315436244, "Accuracy": 0.8516187050359713}, "LSTM": {"F1": 0.30614805520702637, "Precision": 0.1882716049382716, "Recall": 0.8187919463087249, "Accuracy": 0.5040358744394619}, "KNN": {"F1": 0.22969187675070027, "Precision": 0.14513274336283186, "Recall": 0.5503355704697986, "Accuracy": 0.5053956834532374}, "XGBoost": {"F1": 0.4066390041493776, "Precision": 0.532608695652174, "Recall": 0.3288590604026846, "Accuracy": 0.8714028776978417}, "LR": {"F1": 0.5138121546961326, "Precision": 0.43661971830985913, "Recall": 0.6241610738255033, "Accuracy": 0.841726618705036}, "SVM": {"F1": 0.4473684210526315, "Precision": 0.36796536796536794, "Recall": 0.5704697986577181, "Accuracy": 0.8111510791366906}}, "generated_1000_each": {"NB": {"F1": 0.4409448818897637, "Precision": 0.3620689655172414, "Recall": 0.5637583892617449, "Accuracy": 0.8084532374100719}, "BERT": {"F1": 0.7098445595854923, "Precision": 0.5780590717299579, "Recall": 0.9194630872483222, "Accuracy": 0.8995515695067264}, "LightGBM": {"F1": 0.48888888888888893, "Precision": 0.41706161137440756, "Recall": 0.5906040268456376, "Accuracy": 0.8345323741007195}, "LSTM": {"F1": 0.35449735449735453, "Precision": 0.2925764192139738, "Recall": 0.44966442953020136, "Accuracy": 0.7811659192825112}, "KNN": {"F1": 0.20512820512820515, "Precision": 0.13229571984435798, "Recall": 0.4563758389261745, "Accuracy": 0.5260791366906474}, "XGBoost": {"F1": 0.5079365079365079, "Precision": 0.6213592233009708, "Recall": 0.42953020134228187, "Accuracy": 0.8884892086330936}, "LR": {"F1": 0.4444444444444444, "Precision": 0.3791469194312796, "Recall": 0.5369127516778524, "Accuracy": 0.8201438848920863}, "SVM": {"F1": 0.40641711229946526, "Precision": 0.3377777777777778, "Recall": 0.5100671140939598, "Accuracy": 0.8003597122302158}}, "generated_1500_each": {"NB": {"F1": 0.4120603015075377, "Precision": 0.3293172690763052, "Recall": 0.5503355704697986, "Accuracy": 0.789568345323741}, "BERT": {"F1": 0.6683168316831684, "Precision": 0.5294117647058824, "Recall": 0.9060402684563759, "Accuracy": 0.8798206278026905}, "LightGBM": {"F1": 0.547008547008547, "Precision": 0.4752475247524752, "Recall": 0.6442953020134228, "Accuracy": 0.8570143884892086}, "LSTM": {"F1": 0.3694581280788177, "Precision": 0.2918287937743191, "Recall": 0.5033557046979866, "Accuracy": 0.7704035874439462}, "KNN": {"F1": 0.35942028985507246, "Precision": 0.3163265306122449, "Recall": 0.4161073825503356, "Accuracy": 0.8012589928057554}, "XGBoost": {"F1": 0.529182879377432, "Precision": 0.6296296296296297, "Recall": 0.4563758389261745, "Accuracy": 0.8911870503597122}, "LR": {"F1": 0.461139896373057, "Precision": 0.3755274261603376, "Recall": 0.5973154362416108, "Accuracy": 0.8129496402877698}, "SVM": {"F1": 0.42708333333333337, "Precision": 0.34893617021276596, "Recall": 0.5503355704697986, "Accuracy": 0.802158273381295}}, "generated_2000_each": {"NB": {"F1": 0.41791044776119407, "Precision": 0.33201581027667987, "Recall": 0.5637583892617449, "Accuracy": 0.789568345323741}, "BERT": {"F1": 0.6214442013129103, "Precision": 0.461038961038961, "Recall": 0.9530201342281879, "Accuracy": 0.8448430493273542}, "LightGBM": {"F1": 0.553072625698324, "Precision": 0.47368421052631576, "Recall": 0.6644295302013423, "Accuracy": 0.8561151079136691}, "LSTM": {"F1": 0.4444444444444445, "Precision": 0.2981651376146789, "Recall": 0.87248322147651, "Accuracy": 0.7085201793721974}, "KNN": {"F1": 0.4282115869017632, "Precision": 0.34274193548387094, "Recall": 0.5704697986577181, "Accuracy": 0.795863309352518}, "XGBoost": {"F1": 0.5210727969348659, "Precision": 0.6071428571428571, "Recall": 0.4563758389261745, "Accuracy": 0.887589928057554}, "LR": {"F1": 0.481675392670157, "Precision": 0.3948497854077253, "Recall": 0.6174496644295302, "Accuracy": 0.8219424460431655}, "SVM": {"F1": 0.4381443298969072, "Precision": 0.35564853556485354, "Recall": 0.5704697986577181, "Accuracy": 0.8039568345323741}}, "generated_2500_each": {"NB": {"F1": 0.44110275689223055, "Precision": 0.352, "Recall": 0.5906040268456376, "Accuracy": 0.7994604316546763}, "BERT": {"F1": 0.721763085399449, "Precision": 0.6121495327102804, "Recall": 0.8791946308724832, "Accuracy": 0.9094170403587444}, "LightGBM": {"F1": 0.5449591280653951, "Precision": 0.45871559633027525, "Recall": 0.6711409395973155, "Accuracy": 0.8498201438848921}, "LSTM": {"F1": 0.05917159763313609, "Precision": 0.25, "Recall": 0.03355704697986577, "Accuracy": 0.8573991031390135}, "KNN": {"F1": 0.26666666666666666, "Precision": 0.16558441558441558, "Recall": 0.6845637583892618, "Accuracy": 0.49550359712230213}, "XGBoost": {"F1": 0.5283018867924528, "Precision": 0.603448275862069, "Recall": 0.4697986577181208, "Accuracy": 0.887589928057554}, "LR": {"F1": 0.4654731457800511, "Precision": 0.3760330578512397, "Recall": 0.610738255033557, "Accuracy": 0.8120503597122302}, "SVM": {"F1": 0.4506329113924051, "Precision": 0.3617886178861789, "Recall": 0.5973154362416108, "Accuracy": 0.8048561151079137}}, "generated_3000_each": {"NB": {"F1": 0.4588528678304239, "Precision": 0.36507936507936506, "Recall": 0.6174496644295302, "Accuracy": 0.8048561151079137}, "BERT": {"F1": 0.6975609756097559, "Precision": 0.5478927203065134, "Recall": 0.959731543624161, "Accuracy": 0.8887892376681614}, "LightGBM": {"F1": 0.5517241379310345, "Precision": 0.45614035087719296, "Recall": 0.697986577181208, "Accuracy": 0.8480215827338129}, "LSTM": {"F1": 0.3365695792880259, "Precision": 0.325, "Recall": 0.348993288590604, "Accuracy": 0.8161434977578476}, "KNN": {"F1": 0.4186046511627908, "Precision": 0.3055555555555556, "Recall": 0.6644295302013423, "Accuracy": 0.7526978417266187}, "XGBoost": {"F1": 0.5239852398523985, "Precision": 0.5819672131147541, "Recall": 0.47651006711409394, "Accuracy": 0.8839928057553957}, "LR": {"F1": 0.47000000000000003, "Precision": 0.3745019920318725, "Recall": 0.6308724832214765, "Accuracy": 0.8093525179856115}, "SVM": {"F1": 0.4461942257217847, "Precision": 0.36637931034482757, "Recall": 0.5704697986577181, "Accuracy": 0.810251798561151}}, "generated_3500_each": {"NB": {"F1": 0.46478873239436624, "Precision": 0.3574007220216607, "Recall": 0.6644295302013423, "Accuracy": 0.7949640287769785}, "BERT": {"F1": 0.7905604719764012, "Precision": 0.7052631578947368, "Recall": 0.8993288590604027, "Accuracy": 0.9363228699551569}, "LightGBM": {"F1": 0.5473145780051151, "Precision": 0.44214876033057854, "Recall": 0.7181208053691275, "Accuracy": 0.8408273381294964}, "LSTM": {"F1": 0.6892655367231638, "Precision": 0.5951219512195122, "Recall": 0.8187919463087249,