{"original": {"NB": {"F1": 0.9064748201438849, "Precision": 0.9767441860465116, "Recall": 0.8456375838926175, "Accuracy": 0.9766187050359713}, "BERT": {"F1": 0.9570957095709572, "Precision": 0.9415584415584416, "Recall": 0.9731543624161074, "Accuracy": 0.9883408071748879}, "LightGBM": {"F1": 0.8928571428571429, "Precision": 0.9541984732824428, "Recall": 0.8389261744966443, "Accuracy": 0.9730215827338129}, "LSTM": {"F1": 0.9036544850498338, "Precision": 0.8947368421052632, "Recall": 0.912751677852349, "Accuracy": 0.9739910313901345}, "KNN": {"F1": 0.8432835820895521, "Precision": 0.9495798319327731, "Recall": 0.7583892617449665, "Accuracy": 0.9622302158273381}, "XGBoost": {"F1": 0.728744939271255, "Precision": 0.9183673469387755, "Recall": 0.6040268456375839, "Accuracy": 0.939748201438849}, "LR": {"F1": 0.8805970149253731, "Precision": 0.9915966386554622, "Recall": 0.7919463087248322, "Accuracy": 0.9712230215827338}, "SVM": {"F1": 0.9263157894736842, "Precision": 0.9705882352941176, "Recall": 0.8859060402684564, "Accuracy": 0.9811151079136691}}, "generated_350_each": {"NB": {"F1": 0.900709219858156, "Precision": 0.9548872180451128, "Recall": 0.8523489932885906, "Accuracy": 0.9748201438848921}, "BERT": {"F1": 0.9530201342281879, "Precision": 0.9530201342281879, "Recall": 0.9530201342281879, "Accuracy": 0.9874439461883409}, "LightGBM": {"F1": 0.9034482758620689, "Precision": 0.9290780141843972, "Recall": 0.8791946308724832, "Accuracy": 0.9748201438848921}, "LSTM": {"F1": 0.9102564102564101, "Precision": 0.8711656441717791, "Recall": 0.9530201342281879, "Accuracy": 0.9748878923766816}, "KNN": {"F1": 0.8054607508532423, "Precision": 0.8194444444444444, "Recall": 0.7919463087248322, "Accuracy": 0.9487410071942446}, "XGBoost": {"F1": 0.728744939271255, "Precision": 0.9183673469387755, "Recall": 0.6040268456375839, "Accuracy": 0.939748201438849}, "LR": {"F1": 0.896057347670251, "Precision": 0.9615384615384616, "Recall": 0.8389261744966443, "Accuracy": 0.9739208633093526}, "SVM": {"F1": 0.9052631578947368, "Precision": 0.9485294117647058, "Recall": 0.8657718120805369, "Accuracy": 0.9757194244604317}}, "generated_500_each": {"NB": {"F1": 0.9045936395759717, "Precision": 0.9552238805970149, "Recall": 0.8590604026845637, "Accuracy": 0.9757194244604317}, "BERT": {"F1": 0.9634551495016611, "Precision": 0.9539473684210527, "Recall": 0.9731543624161074, "Accuracy": 0.9901345291479821}, "LightGBM": {"F1": 0.9103448275862069, "Precision": 0.9361702127659575, "Recall": 0.8859060402684564, "Accuracy": 0.9766187050359713}, "LSTM": {"F1": 0.910828025477707, "Precision": 0.8666666666666667, "Recall": 0.959731543624161, "Accuracy": 0.9748878923766816}, "KNN": {"F1": 0.7788778877887789, "Precision": 0.7662337662337663, "Recall": 0.7919463087248322, "Accuracy": 0.939748201438849}, "XGBoost": {"F1": 0.6974789915966386, "Precision": 0.9325842696629213, "Recall": 0.5570469798657718, "Accuracy": 0.935251798561151}, "LR": {"F1": 0.900709219858156, "Precision": 0.9548872180451128, "Recall": 0.8523489932885906, "Accuracy": 0.9748201438848921}, "SVM": {"F1": 0.9122807017543859, "Precision": 0.9558823529411765, "Recall": 0.87248322147651, "Accuracy": 0.9775179856115108}}, "generated_1000_each": {"NB": {"F1": 0.8881118881118881, "Precision": 0.927007299270073, "Recall": 0.8523489932885906, "Accuracy": 0.9712230215827338}, "BERT": {"F1": 0.9666666666666668, "Precision": 0.9602649006622517, "Recall": 0.9731543624161074, "Accuracy": 0.9910313901345291}, "LightGBM": {"F1": 0.8934707903780068, "Precision": 0.9154929577464789, "Recall": 0.87248322147651, "Accuracy": 0.9721223021582733}, "LSTM": {"F1": 0.9114754098360656, "Precision": 0.8910256410256411, "Recall": 0.9328859060402684, "Accuracy": 0.9757847533632287}, "KNN": {"F1": 0.7828947368421053, "Precision": 0.7677419354838709, "Recall": 0.7986577181208053, "Accuracy": 0.9406474820143885}, "XGBoost": {"F1": 0.728744939271255, "Precision": 0.9183673469387755, "Recall": 0.6040268456375839, "Accuracy": 0.939748201438849}, "LR": {"F1": 0.8695652173913044, "Precision": 0.9448818897637795, "Recall": 0.8053691275167785, "Accuracy": 0.9676258992805755}, "SVM": {"F1": 0.8896551724137931, "Precision": 0.9148936170212766, "Recall": 0.8657718120805369, "Accuracy": 0.9712230215827338}}, "generated_1500_each": {"NB": {"F1": 0.8771929824561403, "Precision": 0.9191176470588235, "Recall": 0.8389261744966443, "Accuracy": 0.9685251798561151}, "BERT": {"F1": 0.9797297297297297, "Precision": 0.9863945578231292, "Recall": 0.9731543624161074, "Accuracy": 0.9946188340807175}, "LightGBM": {"F1": 0.8904109589041096, "Precision": 0.9090909090909091, "Recall": 0.87248322147651, "Accuracy": 0.9712230215827338}, "LSTM": {"F1": 0.9444444444444444, "Precision": 0.9784172661870504, "Recall": 0.912751677852349, "Accuracy": 0.9856502242152466}, "KNN": {"F1": 0.710691823899371, "Precision": 0.6686390532544378, "Recall": 0.7583892617449665, "Accuracy": 0.9172661870503597}, "XGBoost": {"F1": 0.6553191489361703, "Precision": 0.8953488372093024, "Recall": 0.5167785234899329, "Accuracy": 0.927158273381295}, "LR": {"F1": 0.8701754385964912, "Precision": 0.9117647058823529, "Recall": 0.8322147651006712, "Accuracy": 0.966726618705036}, "SVM": {"F1": 0.8797250859106529, "Precision": 0.9014084507042254, "Recall": 0.8590604026845637, "Accuracy": 0.9685251798561151}}, "generated_2000_each": {"NB": {"F1": 0.8591065292096219, "Precision": 0.8802816901408451, "Recall": 0.8389261744966443, "Accuracy": 0.9631294964028777}, "BERT": {"F1": 0.9671052631578947, "Precision": 0.9483870967741935, "Recall": 0.9865771812080537, "Accuracy": 0.9910313901345291}, "LightGBM": {"F1": 0.8719723183391003, "Precision": 0.9, "Recall": 0.8456375838926175, "Accuracy": 0.966726618705036}, "LSTM": {"F1": 0.9261744966442953, "Precision": 0.9261744966442953, "Recall": 0.9261744966442953, "Accuracy": 0.9802690582959641}, "KNN": {"F1": 0.7138461538461539, "Precision": 0.6590909090909091, "Recall": 0.7785234899328859, "Accuracy": 0.9163669064748201}, "XGBoost": {"F1": 0.584070796460177, "Precision": 0.8571428571428571, "Recall": 0.4429530201342282, "Accuracy": 0.9154676258992805}, "LR": {"F1": 0.8680555555555555, "Precision": 0.8992805755395683, "Recall": 0.8389261744966443, "Accuracy": 0.9658273381294964}, "SVM": {"F1": 0.8767123287671232, "Precision": 0.8951048951048951, "Recall": 0.8590604026845637, "Accuracy": 0.9676258992805755}}, "generated_2500_each": {"NB": {"F1": 0.8424657534246576, "Precision": 0.8601398601398601, "Recall": 0.825503355704698, "Accuracy": 0.9586330935251799}, "BERT": {"F1": 0.959731543624161, "Precision": 0.959731543624161, "Recall": 0.959731543624161, "Accuracy": 0.989237668161435}, "LightGBM": {"F1": 0.8571428571428572, "Precision": 0.8689655172413793, "Recall": 0.8456375838926175, "Accuracy": 0.9622302158273381}, "LSTM": {"F1": 0.9347079037800687, "Precision": 0.9577464788732394, "Recall": 0.912751677852349, "Accuracy": 0.9829596412556054}, "KNN": {"F1": 0.7227414330218068, "Precision": 0.6744186046511628, "Recall": 0.7785234899328859, "Accuracy": 0.9199640287769785}, "XGBoost": {"F1": 0.5675675675675675, "Precision": 0.863013698630137, "Recall": 0.4228187919463087, "Accuracy": 0.9136690647482014}, "LR": {"F1": 0.8493150684931506, "Precision": 0.8671328671328671, "Recall": 0.8322147651006712, "Accuracy": 0.960431654676259}, "SVM": {"F1": 0.8474576271186441, "Precision": 0.8561643835616438, "Recall": 0.8389261744966443, "Accuracy": 0.9595323741007195}}, "generated_3000_each": {"NB": {"F1": 0.8338983050847458, "Precision": 0.8424657534246576, "Recall": 0.825503355704698, "Accuracy": 0.9559352517985612}, "BERT": {"F1": 0.962962962962963, "Precision": 0.9662162162162162, "Recall": 0.959731543624161, "Accuracy": 0.9901345291479821}, "LightGBM": {"F1": 0.8493150684931506, "Precision": 0.8671328671328671, "Recall": 0.8322147651006712, "Accuracy": 0.960431654676259}, "LSTM": {"F1": 0.9215017064846417, "Precision": 0.9375, "Recall": 0.9060402684563759, "Accuracy": 0.979372197309417},