{"augmented_mixed_100": {"NB": {"F1": 0.8539325842696628, "Precision": 0.9661016949152542, "Recall": 0.7651006711409396, "Accuracy": 0.9649280575539568}, "BERT": {"F1": 0.9795918367346937, "Precision": 0.993103448275862, "Recall": 0.9664429530201343, "Accuracy": 0.9946188340807175}, "LightGBM": {"F1": 0.7258064516129032, "Precision": 0.9090909090909091, "Recall": 0.6040268456375839, "Accuracy": 0.9388489208633094}, "LSTM": {"F1": 0.8608414239482202, "Precision": 0.83125, "Recall": 0.8926174496644296, "Accuracy": 0.9614349775784753}, "KNN": {"F1": 0.6434782608695653, "Precision": 0.9135802469135802, "Recall": 0.4966442953020134, "Accuracy": 0.9262589928057554}, "XGBoost": {"F1": 0.5142857142857142, "Precision": 0.8852459016393442, "Recall": 0.3624161073825503, "Accuracy": 0.908273381294964}, "LR": {"F1": 0.6893617021276595, "Precision": 0.9418604651162791, "Recall": 0.5436241610738255, "Accuracy": 0.9343525179856115}, "SVM": {"F1": 0.8389513108614233, "Precision": 0.9491525423728814, "Recall": 0.7516778523489933, "Accuracy": 0.9613309352517986}}}