{"original": {"NB": {"F1": 0.9064748201438849, "Precision": 0.9767441860465116, "Recall": 0.8456375838926175, "Accuracy": 0.9766187050359713}, "BERT": {"F1": 0.9666666666666668, "Precision": 0.9602649006622517, "Recall": 0.9731543624161074, "Accuracy": 0.9910313901345291}, "LightGBM": {"F1": 0.8928571428571429, "Precision": 0.9541984732824428, "Recall": 0.8389261744966443, "Accuracy": 0.9730215827338129}, "LSTM": {"F1": 0.936026936026936, "Precision": 0.9391891891891891, "Recall": 0.9328859060402684, "Accuracy": 0.9829596412556054}, "KNN": {"F1": 0.8432835820895521, "Precision": 0.9495798319327731, "Recall": 0.7583892617449665, "Accuracy": 0.9622302158273381}, "XGBoost": {"F1": 0.728744939271255, "Precision": 0.9183673469387755, "Recall": 0.6040268456375839, "Accuracy": 0.939748201438849}, "LR": {"F1": 0.8805970149253731, "Precision": 0.9915966386554622, "Recall": 0.7919463087248322, "Accuracy": 0.9712230215827338}, "SVM": {"F1": 0.9263157894736842, "Precision": 0.9705882352941176, "Recall": 0.8859060402684564, "Accuracy": 0.9811151079136691}}, "augmented_mixed_5": {"NB": {"F1": 0.9130434782608696, "Precision": 0.9921259842519685, "Recall": 0.8456375838926175, "Accuracy": 0.9784172661870504}, "BERT": {"F1": 0.969283276450512, "Precision": 0.9861111111111112, "Recall": 0.9530201342281879, "Accuracy": 0.9919282511210762}, "LightGBM": {"F1": 0.9045936395759717, "Precision": 0.9552238805970149, "Recall": 0.8590604026845637, "Accuracy": 0.9757194244604317}, "LSTM": {"F1": 0.8810289389067525, "Precision": 0.845679012345679, "Recall": 0.9194630872483222, "Accuracy": 0.9668161434977578}, "KNN": {"F1": 0.8218181818181819, "Precision": 0.8968253968253969, "Recall": 0.7583892617449665, "Accuracy": 0.9559352517985612}, "XGBoost": {"F1": 0.7569721115537849, "Precision": 0.9313725490196079, "Recall": 0.6375838926174496, "Accuracy": 0.9451438848920863}, "LR": {"F1": 0.8897058823529413, "Precision": 0.983739837398374, "Recall": 0.8120805369127517, "Accuracy": 0.9730215827338129}, "SVM": {"F1": 0.9257950530035336, "Precision": 0.9776119402985075, "Recall": 0.8791946308724832, "Accuracy": 0.9811151079136691}}, "augmented_mixed_10": {"NB": {"F1": 0.9057971014492754, "Precision": 0.984251968503937, "Recall": 0.8389261744966443, "Accuracy": 0.9766187050359713}, "BERT": {"F1": 0.9632107023411371, "Precision": 0.96, "Recall": 0.9664429530201343, "Accuracy": 0.9901345291479821}, "LightGBM": {"F1": 0.8943661971830986, "Precision": 0.9407407407407408, "Recall": 0.8523489932885906, "Accuracy": 0.9730215827338129}, "LSTM": {"F1": 0.8785046728971962, "Precision": 0.8197674418604651, "Recall": 0.9463087248322147, "Accuracy": 0.9650224215246637}, "KNN": {"F1": 0.8560885608856088, "Precision": 0.9508196721311475, "Recall": 0.7785234899328859, "Accuracy": 0.9649280575539568}, "XGBoost": {"F1": 0.7309236947791165, "Precision": 0.91, "Recall": 0.610738255033557, "Accuracy": 0.939748201438849}, "LR": {"F1": 0.8856088560885608, "Precision": 0.9836065573770492, "Recall": 0.8053691275167785, "Accuracy": 0.9721223021582733}, "SVM": {"F1": 0.9142857142857143, "Precision": 0.9770992366412213, "Recall": 0.8590604026845637, "Accuracy": 0.9784172661870504}}, "augmented_mixed_20": {"NB": {"F1": 0.9025270758122744, "Precision": 0.9765625, "Recall": 0.8389261744966443, "Accuracy": 0.9757194244604317}, "BERT": {"F1": 0.9483870967741935, "Precision": 0.9130434782608695, "Recall": 0.9865771812080537, "Accuracy": 0.9856502242152466}, "LightGBM": {"F1": 0.9071428571428571, "Precision": 0.9694656488549618, "Recall": 0.8523489932885906, "Accuracy": 0.9766187050359713}, "LSTM": {"F1": 0.9302325581395349, "Precision": 0.9210526315789473, "Recall": 0.9395973154362416, "Accuracy": 0.9811659192825112}, "KNN": {"F1": 0.8222222222222223, "Precision": 0.9173553719008265, "Recall": 0.7449664429530202, "Accuracy": 0.9568345323741008}, "XGBoost": {"F1": 0.7295081967213115, "Precision": 0.9368421052631579, "Recall": 0.5973154362416108, "Accuracy": 0.9406474820143885}, "LR": {"F1": 0.8897058823529413, "Precision": 0.983739837398374, "Recall": 0.8120805369127517, "Accuracy": 0.9730215827338129}, "SVM": {"F1": 0.9103942652329748, "Precision": 0.9769230769230769, "Recall": 0.8523489932885906, "Accuracy": 0.9775179856115108}}, "augmented_mixed_30": {"NB": {"F1": 0.9018181818181819, "Precision": 0.9841269841269841, "Recall": 0.8322147651006712, "Accuracy": 0.9757194244604317}, "BERT": {"F1": 0.9696969696969697, "Precision": 0.972972972972973, "Recall": 0.9664429530201343, "Accuracy": 0.9919282511210762}, "LightGBM": {"F1": 0.9142857142857143, "Precision": 0.9770992366412213, "Recall": 0.8590604026845637, "Accuracy": 0.9784172661870504}, "LSTM": {"F1": 0.8873239436619718, "Precision": 0.9333333333333333, "Recall": 0.8456375838926175, "Accuracy": 0.9713004484304932}, "KNN": {"F1": 0.8278388278388278, "Precision": 0.9112903225806451, "Recall": 0.7583892617449665, "Accuracy": 0.9577338129496403}, "XGBoost": {"F1": 0.7410358565737052, "Precision": 0.9117647058823529, "Recall": 0.6241610738255033, "Accuracy": 0.9415467625899281}, "LR": {"F1": 0.8856088560885608, "Precision": 0.9836065573770492, "Recall": 0.8053691275167785, "Accuracy": 0.9721223021582733}, "SVM": {"F1": 0.9071428571428571, "Precision": 0.9694656488549618, "Recall": 0.8523489932885906, "Accuracy": 0.9766187050359713}}, "augmented_mixed_40": {"NB": {"F1": 0.9018181818181819, "Precision": 0.9841269841269841, "Recall": 0.8322147651006712, "Accuracy": 0.9757194244604317}, "BERT": {"F1": 0.9632107023411371, "Precision": 0.96, "Recall": 0.9664429530201343, "Accuracy": 0.9901345291479821}, "LightGBM": {"F1": 0.9148936170212766, "Precision": 0.9699248120300752, "Recall": 0.8657718120805369, "Accuracy": 0.9784172661870504}, "LSTM": {"F1": 0.8954248366013071, "Precision": 0.8726114649681529, "Recall": 0.9194630872483222, "Accuracy": 0.9713004484304932}, "KNN": {"F1": 0.8498168498168498, "Precision": 0.9354838709677419, "Recall": 0.7785234899328859, "Accuracy": 0.9631294964028777}, "XGBoost": {"F1": 0.7389558232931728, "Precision": 0.92, "Recall": 0.6174496644295302, "Accuracy": 0.9415467625899281}, "LR": {"F1": 0.8856088560885608, "Precision": 0.9836065573770492, "Recall": 0.8053691275167785, "Accuracy": 0.9721223021582733}, "SVM": {"F1": 0.9175627240143368, "Precision": 0.9846153846153847, "Recall": 0.8590604026845637, "Accuracy": 0.97931654676259}}, "augmented_mixed_50": {"NB": {"F1": 0.8953068592057762, "Precision": 0.96875, "Recall": 0.8322147651006712, "Accuracy": 0.9739208633093526}, "BERT": {"F1": 0.9536423841059601, "Precision": 0.9411764705882353, "Recall": 0.9664429530201343, "Accuracy": 0.9874439461883409}, "LightGBM": {"F1": 0.9187279151943463, "Precision": 0.9701492537313433, "Recall": 0.87248322147651, "Accuracy": 0.97931654676259}, "LSTM": {"F1": 0.9061488673139159, "Precision": 0.875, "Recall": 0.9395973154362416, "Accuracy": 0.9739910313901345}, "KNN": {"F1": 0.8181818181818181, "Precision": 0.8540145985401459, "Recall": 0.785234899328859, "Accuracy": 0.9532374100719424}, "XGBoost": {"F1": 0.7166666666666667, "Precision": 0.945054945054945, "Recall": 0.5771812080536913, "Accuracy": 0.9388489208633094}, "LR": {"F1": 0.8978102189781022, "Precision": 0.984, "Recall": 0.825503355704698, "Accuracy": 0.9748201438848921}, "SVM": {"F1": 0.9130434782608696, "Precision": 0.9921259842519685, "Recall": 0.8456375838926175, "Accuracy": 0.9784172661870504}}, "augmented_mixed_60": {"NB": {"F1": 0.8985507246376812, "Precision": 0.9763779527559056, "Recall": 0.8322147651006712, "Accuracy": 0.9748201438848921}, "BERT": {"F1": 0.9696969696969697, "Precision": 0.972972972972973, "Recall": 0.9664429530201343, "Accuracy": 0.9919282511210762}, "LightGBM": {"F1": 0.9208633093525179, "Precision": 0.9922480620155039, "Recall": 0.8590604026845637, "Accuracy": 0.9802158273381295}, "LSTM": {"F1": 0.8967741935483872, "Precision": 0.8633540372670807, "Recall": 0.9328859060402684, "Accuracy": 0.9713004484304932}, "KNN": {"F1": 0.8540145985401459, "Precision": 0.936,