{"original": {"NB": {"F1": 0.9064748201438849, "Precision": 0.9767441860465116, "Recall": 0.8456375838926175, "Accuracy": 0.9766187050359713}, "BERT": {"F1": 0.9329073482428115, "Precision": 0.8902439024390244, "Recall": 0.9798657718120806, "Accuracy": 0.9811659192825112}, "LightGBM": {"F1": 0.8928571428571429, "Precision": 0.9541984732824428, "Recall": 0.8389261744966443, "Accuracy": 0.9730215827338129}, "LSTM": {"F1": 0.8846153846153846, "Precision": 0.8466257668711656, "Recall": 0.9261744966442953, "Accuracy": 0.967713004484305}, "KNN": {"F1": 0.8432835820895521, "Precision": 0.9495798319327731, "Recall": 0.7583892617449665, "Accuracy": 0.9622302158273381}, "XGBoost": {"F1": 0.728744939271255, "Precision": 0.9183673469387755, "Recall": 0.6040268456375839, "Accuracy": 0.939748201438849}, "LR": {"F1": 0.8805970149253731, "Precision": 0.9915966386554622, "Recall": 0.7919463087248322, "Accuracy": 0.9712230215827338}, "SVM": {"F1": 0.9263157894736842, "Precision": 0.9705882352941176, "Recall": 0.8859060402684564, "Accuracy": 0.9811151079136691}}, "augmented_mixed_5": {"NB": {"F1": 0.9130434782608696, "Precision": 0.9921259842519685, "Recall": 0.8456375838926175, "Accuracy": 0.9784172661870504}, "BERT": {"F1": 0.9797297297297297, "Precision": 0.9863945578231292, "Recall": 0.9731543624161074, "Accuracy": 0.9946188340807175}, "LightGBM": {"F1": 0.9045936395759717, "Precision": 0.9552238805970149, "Recall": 0.8590604026845637, "Accuracy": 0.9757194244604317}, "LSTM": {"F1": 0.9084745762711866, "Precision": 0.9178082191780822, "Recall": 0.8993288590604027, "Accuracy": 0.9757847533632287}, "KNN": {"F1": 0.8127208480565371, "Precision": 0.8582089552238806, "Recall": 0.7718120805369127, "Accuracy": 0.9523381294964028}, "XGBoost": {"F1": 0.7569721115537849, "Precision": 0.9313725490196079, "Recall": 0.6375838926174496, "Accuracy": 0.9451438848920863}, "LR": {"F1": 0.8897058823529413, "Precision": 0.983739837398374, "Recall": 0.8120805369127517, "Accuracy": 0.9730215827338129}, "SVM": {"F1": 0.9257950530035336, "Precision": 0.9776119402985075, "Recall": 0.8791946308724832, "Accuracy": 0.9811151079136691}}, "augmented_mixed_10": {"NB": {"F1": 0.9057971014492754, "Precision": 0.984251968503937, "Recall": 0.8389261744966443, "Accuracy": 0.9766187050359713}, "BERT": {"F1": 0.9568106312292358, "Precision": 0.9473684210526315, "Recall": 0.9664429530201343, "Accuracy": 0.9883408071748879}, "LightGBM": {"F1": 0.8943661971830986, "Precision": 0.9407407407407408, "Recall": 0.8523489932885906, "Accuracy": 0.9730215827338129}, "LSTM": {"F1": 0.9131832797427651, "Precision": 0.8765432098765432, "Recall": 0.9530201342281879, "Accuracy": 0.9757847533632287}, "KNN": {"F1": 0.8455882352941176, "Precision": 0.9349593495934959, "Recall": 0.7718120805369127, "Accuracy": 0.9622302158273381}, "XGBoost": {"F1": 0.7309236947791165, "Precision": 0.91, "Recall": 0.610738255033557, "Accuracy": 0.939748201438849}, "LR": {"F1": 0.8856088560885608, "Precision": 0.9836065573770492, "Recall": 0.8053691275167785, "Accuracy": 0.9721223021582733}, "SVM": {"F1": 0.9142857142857143, "Precision": 0.9770992366412213, "Recall": 0.8590604026845637, "Accuracy": 0.9784172661870504}}, "augmented_mixed_20": {"NB": {"F1": 0.9025270758122744, "Precision": 0.9765625, "Recall": 0.8389261744966443, "Accuracy": 0.9757194244604317}, "BERT": {"F1": 0.9668874172185431, "Precision": 0.954248366013072, "Recall": 0.9798657718120806, "Accuracy": 0.9910313901345291}, "LightGBM": {"F1": 0.9071428571428571, "Precision": 0.9694656488549618, "Recall": 0.8523489932885906, "Accuracy": 0.9766187050359713}, "LSTM": {"F1": 0.9169435215946845, "Precision": 0.9078947368421053, "Recall": 0.9261744966442953, "Accuracy": 0.9775784753363229}, "KNN": {"F1": 0.826568265682657, "Precision": 0.9180327868852459, "Recall": 0.7516778523489933, "Accuracy": 0.9577338129496403}, "XGBoost": {"F1": 0.7295081967213115, "Precision": 0.9368421052631579, "Recall": 0.5973154362416108, "Accuracy": 0.9406474820143885}, "LR": {"F1": 0.8897058823529413, "Precision": 0.983739837398374, "Recall": 0.8120805369127517, "Accuracy": 0.9730215827338129}, "SVM": {"F1": 0.9103942652329748, "Precision": 0.9769230769230769, "Recall": 0.8523489932885906, "Accuracy": 0.9775179856115108}}, "augmented_mixed_30": {"NB": {"F1": 0.9018181818181819, "Precision": 0.9841269841269841, "Recall": 0.8322147651006712, "Accuracy": 0.9757194244604317}, "BERT": {"F1": 0.9536423841059601, "Precision": 0.9411764705882353, "Recall": 0.9664429530201343, "Accuracy": 0.9874439461883409}, "LightGBM": {"F1": 0.9142857142857143, "Precision": 0.9770992366412213, "Recall": 0.8590604026845637, "Accuracy": 0.9784172661870504}, "LSTM": {"F1": 0.9209621993127148, "Precision": 0.9436619718309859, "Recall": 0.8993288590604027, "Accuracy": 0.979372197309417}, "KNN": {"F1": 0.832116788321168, "Precision": 0.912, "Recall": 0.7651006711409396, "Accuracy": 0.9586330935251799}, "XGBoost": {"F1": 0.7410358565737052, "Precision": 0.9117647058823529, "Recall": 0.6241610738255033, "Accuracy": 0.9415467625899281}, "LR": {"F1": 0.8856088560885608, "Precision": 0.9836065573770492, "Recall": 0.8053691275167785, "Accuracy": 0.9721223021582733}, "SVM": {"F1": 0.9103942652329748, "Precision": 0.9769230769230769, "Recall": 0.8523489932885906, "Accuracy": 0.9775179856115108}}, "augmented_mixed_40": {"NB": {"F1": 0.9018181818181819, "Precision": 0.9841269841269841, "Recall": 0.8322147651006712, "Accuracy": 0.9757194244604317}, "BERT": {"F1": 0.9235668789808916, "Precision": 0.8787878787878788, "Recall": 0.9731543624161074, "Accuracy": 0.97847533632287}, "LightGBM": {"F1": 0.9148936170212766, "Precision": 0.9699248120300752, "Recall": 0.8657718120805369, "Accuracy": 0.9784172661870504}, "LSTM": {"F1": 0.9466666666666667, "Precision": 0.9403973509933775, "Recall": 0.9530201342281879, "Accuracy": 0.9856502242152466}, "KNN": {"F1": 0.8303249097472923, "Precision": 0.8984375, "Recall": 0.7718120805369127, "Accuracy": 0.9577338129496403}, "XGBoost": {"F1": 0.7389558232931728, "Precision": 0.92, "Recall": 0.6174496644295302, "Accuracy": 0.9415467625899281}, "LR": {"F1": 0.8856088560885608, "Precision": 0.9836065573770492, "Recall": 0.8053691275167785, "Accuracy": 0.9721223021582733}, "SVM": {"F1": 0.9175627240143368, "Precision": 0.9846153846153847, "Recall": 0.8590604026845637, "Accuracy": 0.97931654676259}}, "augmented_mixed_50": {"NB": {"F1": 0.8953068592057762, "Precision": 0.96875, "Recall": 0.8322147651006712, "Accuracy": 0.9739208633093526}, "BERT": {"F1": 0.9762711864406781, "Precision": 0.9863013698630136, "Recall": 0.9664429530201343, "Accuracy": 0.9937219730941704}, "LightGBM": {"F1": 0.9187279151943463, "Precision": 0.9701492537313433, "Recall": 0.87248322147651, "Accuracy": 0.97931654676259}, "LSTM": {"F1": 0.903225806451613, "Precision": 0.8695652173913043, "Recall": 0.9395973154362416, "Accuracy": 0.9730941704035875}, "KNN": {"F1": 0.8268551236749117, "Precision": 0.8731343283582089, "Recall": 0.785234899328859, "Accuracy": 0.9559352517985612}, "XGBoost": {"F1": 0.7166666666666667, "Precision": 0.945054945054945, "Recall": 0.5771812080536913, "Accuracy": 0.9388489208633094}, "LR": {"F1": 0.8978102189781022, "Precision": 0.984, "Recall": 0.825503355704698, "Accuracy": 0.9748201438848921}, "SVM": {"F1": 0.9136690647482014, "Precision": 0.9844961240310077, "Recall": 0.8523489932885906, "Accuracy": 0.9784172661870504}}, "augmented_mixed_60": {"NB": {"F1": 0.8985507246376812, "Precision": 0.9763779527559056, "Recall": 0.8322147651006712, "Accuracy": 0.9748201438848921}, "BERT": {"F1": 0.9411764705882353, "Precision": 0.9171974522292994, "Recall": 0.9664429530201343, "Accuracy": 0.9838565022421525}, "LightGBM": {"F1": 0.9208633093525179, "Precision": 0.9922480620155039, "Recall": 0.8590604026845637, "Accuracy": 0.9802158273381295}, "LSTM": {"F1": 0.936026936026936, "Precision": 0.9391891891891891, "Recall": 0.9328859060402684, "Accuracy": 0.9829596412556054}, "KNN": {"F1": 0.8362369337979093,