{"original": {"NB": {"F1": 0.9064748201438849, "Precision": 0.9767441860465116, "Recall": 0.8456375838926175, "Accuracy": 0.9766187050359713}, "BERT": {"F1": 0.9639344262295082, "Precision": 0.9423076923076923, "Recall": 0.9865771812080537, "Accuracy": 0.9901345291479821}, "LightGBM": {"F1": 0.8928571428571429, "Precision": 0.9541984732824428, "Recall": 0.8389261744966443, "Accuracy": 0.9730215827338129}, "LSTM": {"F1": 0.9310344827586208, "Precision": 0.9574468085106383, "Recall": 0.9060402684563759, "Accuracy": 0.9820627802690582}, "KNN": {"F1": 0.8432835820895521, "Precision": 0.9495798319327731, "Recall": 0.7583892617449665, "Accuracy": 0.9622302158273381}, "XGBoost": {"F1": 0.728744939271255, "Precision": 0.9183673469387755, "Recall": 0.6040268456375839, "Accuracy": 0.939748201438849}, "LR": {"F1": 0.8805970149253731, "Precision": 0.9915966386554622, "Recall": 0.7919463087248322, "Accuracy": 0.9712230215827338}, "SVM": {"F1": 0.9263157894736842, "Precision": 0.9705882352941176, "Recall": 0.8859060402684564, "Accuracy": 0.9811151079136691}}, "generated_350_each": {"NB": {"F1": 0.900709219858156, "Precision": 0.9548872180451128, "Recall": 0.8523489932885906, "Accuracy": 0.9748201438848921}, "BERT": {"F1": 0.9605263157894737, "Precision": 0.9419354838709677, "Recall": 0.9798657718120806, "Accuracy": 0.989237668161435}, "LightGBM": {"F1": 0.9034482758620689, "Precision": 0.9290780141843972, "Recall": 0.8791946308724832, "Accuracy": 0.9748201438848921}, "LSTM": {"F1": 0.9379310344827586, "Precision": 0.9645390070921985, "Recall": 0.912751677852349, "Accuracy": 0.9838565022421525}, "KNN": {"F1": 0.7905405405405406, "Precision": 0.7959183673469388, "Recall": 0.785234899328859, "Accuracy": 0.9442446043165468}, "XGBoost": {"F1": 0.728744939271255, "Precision": 0.9183673469387755, "Recall": 0.6040268456375839, "Accuracy": 0.939748201438849}, "LR": {"F1": 0.896057347670251, "Precision": 0.9615384615384616, "Recall": 0.8389261744966443, "Accuracy": 0.9739208633093526}, "SVM": {"F1": 0.9090909090909092, "Precision": 0.948905109489051, "Recall": 0.87248322147651, "Accuracy": 0.9766187050359713}}, "generated_500_each": {"NB": {"F1": 0.9045936395759717, "Precision": 0.9552238805970149, "Recall": 0.8590604026845637, "Accuracy": 0.9757194244604317}, "BERT": {"F1": 0.9700996677740865, "Precision": 0.9605263157894737, "Recall": 0.9798657718120806, "Accuracy": 0.9919282511210762}, "LightGBM": {"F1": 0.9103448275862069, "Precision": 0.9361702127659575, "Recall": 0.8859060402684564, "Accuracy": 0.9766187050359713}, "LSTM": {"F1": 0.9324324324324326, "Precision": 0.9387755102040817, "Recall": 0.9261744966442953, "Accuracy": 0.9820627802690582}, "KNN": {"F1": 0.8109965635738832, "Precision": 0.8309859154929577, "Recall": 0.7919463087248322, "Accuracy": 0.9505395683453237}, "XGBoost": {"F1": 0.6974789915966386, "Precision": 0.9325842696629213, "Recall": 0.5570469798657718, "Accuracy": 0.935251798561151}, "LR": {"F1": 0.900709219858156, "Precision": 0.9548872180451128, "Recall": 0.8523489932885906, "Accuracy": 0.9748201438848921}, "SVM": {"F1": 0.9122807017543859, "Precision": 0.9558823529411765, "Recall": 0.87248322147651, "Accuracy": 0.9775179856115108}}, "generated_1000_each": {"NB": {"F1": 0.8881118881118881, "Precision": 0.927007299270073, "Recall": 0.8523489932885906, "Accuracy": 0.9712230215827338}, "BERT": {"F1": 0.9600000000000001, "Precision": 0.9536423841059603, "Recall": 0.9664429530201343, "Accuracy": 0.989237668161435}, "LightGBM": {"F1": 0.8934707903780068, "Precision": 0.9154929577464789, "Recall": 0.87248322147651, "Accuracy": 0.9721223021582733}, "LSTM": {"F1": 0.9411764705882352, "Precision": 0.9714285714285714, "Recall": 0.912751677852349, "Accuracy": 0.9847533632286996}, "KNN": {"F1": 0.7453416149068323, "Precision": 0.6936416184971098, "Recall": 0.8053691275167785, "Accuracy": 0.9262589928057554}, "XGBoost": {"F1": 0.728744939271255, "Precision": 0.9183673469387755, "Recall": 0.6040268456375839, "Accuracy": 0.939748201438849}, "LR": {"F1": 0.8695652173913044, "Precision": 0.9448818897637795, "Recall": 0.8053691275167785, "Accuracy": 0.9676258992805755}, "SVM": {"F1": 0.8896551724137931, "Precision": 0.9148936170212766, "Recall": 0.8657718120805369, "Accuracy": 0.9712230215827338}}, "generated_1500_each": {"NB": {"F1": 0.8771929824561403, "Precision": 0.9191176470588235, "Recall": 0.8389261744966443, "Accuracy": 0.9685251798561151}, "BERT": {"F1": 0.9668874172185431, "Precision": 0.954248366013072, "Recall": 0.9798657718120806, "Accuracy": 0.9910313901345291}, "LightGBM": {"F1": 0.8904109589041096, "Precision": 0.9090909090909091, "Recall": 0.87248322147651, "Accuracy": 0.9712230215827338}, "LSTM": {"F1": 0.9236111111111113, "Precision": 0.9568345323741008, "Recall": 0.8926174496644296, "Accuracy": 0.9802690582959641}, "KNN": {"F1": 0.5495495495495495, "Precision": 0.4135593220338983, "Recall": 0.8187919463087249, "Accuracy": 0.8201438848920863}, "XGBoost": {"F1": 0.6553191489361703, "Precision": 0.8953488372093024, "Recall": 0.5167785234899329, "Accuracy": 0.927158273381295}, "LR": {"F1": 0.8701754385964912, "Precision": 0.9117647058823529, "Recall": 0.8322147651006712, "Accuracy": 0.966726618705036}, "SVM": {"F1": 0.8758620689655171, "Precision": 0.900709219858156, "Recall": 0.8523489932885906, "Accuracy": 0.9676258992805755}}, "generated_2000_each": {"NB": {"F1": 0.8591065292096219, "Precision": 0.8802816901408451, "Recall": 0.8389261744966443, "Accuracy": 0.9631294964028777}, "BERT": {"F1": 0.9664429530201343, "Precision": 0.9664429530201343, "Recall": 0.9664429530201343, "Accuracy": 0.9910313901345291}, "LightGBM": {"F1": 0.8719723183391003, "Precision": 0.9, "Recall": 0.8456375838926175, "Accuracy": 0.966726618705036}, "LSTM": {"F1": 0.9251700680272109, "Precision": 0.9379310344827586, "Recall": 0.912751677852349, "Accuracy": 0.9802690582959641}, "KNN": {"F1": 0.7165109034267912, "Precision": 0.6686046511627907, "Recall": 0.7718120805369127, "Accuracy": 0.9181654676258992}, "XGBoost": {"F1": 0.584070796460177, "Precision": 0.8571428571428571, "Recall": 0.4429530201342282, "Accuracy": 0.9154676258992805}, "LR": {"F1": 0.8680555555555555, "Precision": 0.8992805755395683, "Recall": 0.8389261744966443, "Accuracy": 0.9658273381294964}, "SVM": {"F1": 0.8788927335640139, "Precision": 0.9071428571428571, "Recall": 0.8523489932885906, "Accuracy": 0.9685251798561151}}, "generated_2500_each": {"NB": {"F1": 0.8424657534246576, "Precision": 0.8601398601398601, "Recall": 0.825503355704698, "Accuracy": 0.9586330935251799}, "BERT": {"F1": 0.9662162162162162, "Precision": 0.9727891156462585, "Recall": 0.959731543624161, "Accuracy": 0.9910313901345291}, "LightGBM": {"F1": 0.8571428571428572, "Precision": 0.8689655172413793, "Recall": 0.8456375838926175, "Accuracy": 0.9622302158273381}, "LSTM": {"F1": 0.9194630872483222, "Precision": 0.9194630872483222, "Recall": 0.9194630872483222, "Accuracy": 0.97847533632287}, "KNN": {"F1": 0.5203619909502263, "Precision": 0.3924914675767918, "Recall": 0.7718120805369127, "Accuracy": 0.8093525179856115}, "XGBoost": {"F1": 0.5675675675675675, "Precision": 0.863013698630137, "Recall": 0.4228187919463087, "Accuracy": 0.9136690647482014}, "LR": {"F1": 0.8493150684931506, "Precision": 0.8671328671328671, "Recall": 0.8322147651006712, "Accuracy": 0.960431654676259}, "SVM": {"F1": 0.8542372881355932, "Precision": 0.863013698630137, "Recall": 0.8456375838926175, "Accuracy": 0.9613309352517986}}, "generated_3000_each": {"NB": {"F1": 0.8338983050847458, "Precision": 0.8424657534246576, "Recall": 0.825503355704698, "Accuracy": 0.9559352517985612}, "BERT": {"F1": 0.9798657718120806, "Precision": 0.9798657718120806, "Recall": 0.9798657718120806, "Accuracy": 0.9946188340807175}, "LightGBM": {"F1": 0.8493150684931506, "Precision": 0.8671328671328671, "Recall": 0.8322147651006712, "Accuracy": 0.960431654676259}, "LSTM": {"F1": 0.9415807560137458, "Precision": 0.9647887323943662, "Recall": 0.9194630872483222, "Accuracy": 0.9847533632286996},