{"generated_350_each": {"NB": {"F1": 0.4215633423180593, "Precision": 0.3528880866425993, "Recall": 0.5234270414993306, "Accuracy": 0.807118461261909}, "BERT": {"F1": 0.6343490304709141, "Precision": 0.48414376321353064, "Recall": 0.9196787148594378, "Accuracy": 0.8578607322325915}, "LightGBM": {"F1": 0.31970802919708025, "Precision": 0.35152487961476725, "Recall": 0.2931726907630522, "Accuracy": 0.8324644975732518}, "LSTM": {"F1": 0.2573862606489034, "Precision": 0.1488469601677149, "Recall": 0.9504685408299867, "Accuracy": 0.2647164393395549}, "KNN": {"F1": 0.23109497882637628, "Precision": 0.14927706135209065, "Recall": 0.5113788487282463, "Accuracy": 0.5430523099047276}, "XGBoost": {"F1": 0.3584589614740369, "Precision": 0.47874720357941836, "Recall": 0.28647925033467203, "Accuracy": 0.8623045119539816}, "LR": {"F1": 0.41740031071983424, "Precision": 0.3403716216216216, "Recall": 0.5394912985274432, "Accuracy": 0.7977709868775841}, "SVM": {"F1": 0.4273422562141491, "Precision": 0.33234200743494424, "Recall": 0.5983935742971888, "Accuracy": 0.784648570914974}}, "generated_500_each": {"NB": {"F1": 0.4518966465090709, "Precision": 0.3833955223880597, "Recall": 0.5502008032128514, "Accuracy": 0.8207801545928456}, "BERT": {"F1": 0.6154598825831703, "Precision": 0.48496530454895914, "Recall": 0.8420348058902276, "Accuracy": 0.8589375448671931}, "LightGBM": {"F1": 0.380952380952381, "Precision": 0.39316239316239315, "Recall": 0.36947791164658633, "Accuracy": 0.8387560668703937}, "LSTM": {"F1": 0.2898864250946458, "Precision": 0.24319419237749546, "Recall": 0.35876840696117807, "Accuracy": 0.7643575017946878}, "KNN": {"F1": 0.21934758155230596, "Precision": 0.13883944464222142, "Recall": 0.5220883534136547, "Accuracy": 0.5009886751752651}, "XGBoost": {"F1": 0.37919463087248323, "Precision": 0.5078651685393258, "Recall": 0.30254350736278446, "Accuracy": 0.8669782491461442}, "LR": {"F1": 0.48110697179350725, "Precision": 0.3992932862190813, "Recall": 0.6050870147255689, "Accuracy": 0.8247348552939061}, "SVM": {"F1": 0.4319201995012469, "Precision": 0.3441971383147854, "Recall": 0.5796519410977242, "Accuracy": 0.7952543591587273}}, "generated_1000_each": {"NB": {"F1": 0.4542235710672737, "Precision": 0.3650406504065041, "Recall": 0.6010709504685409, "Accuracy": 0.8060399065252561}, "BERT": {"F1": 0.6735193343122858, "Precision": 0.5308641975308642, "Recall": 0.9210174029451138, "Accuracy": 0.8802943287867911}, "LightGBM": {"F1": 0.4753654574986464, "Precision": 0.3990909090909091, "Recall": 0.5876840696117804, "Accuracy": 0.8258134100305591}, "LSTM": {"F1": 0.33070866141732286, "Precision": 0.40152963671128106, "Recall": 0.28112449799196787, "Accuracy": 0.8474515434314429}, "KNN": {"F1": 0.3502252252252252, "Precision": 0.3022351797862002, "Recall": 0.41633199464524767, "Accuracy": 0.7925579723170951}, "XGBoost": {"F1": 0.4528301886792453, "Precision": 0.5485714285714286, "Recall": 0.3855421686746988, "Accuracy": 0.8748876505482653}, "LR": {"F1": 0.4527310924369748, "Precision": 0.37251512532411407, "Recall": 0.5769745649263721, "Accuracy": 0.812690994067949}, "SVM": {"F1": 0.4309623430962343, "Precision": 0.3536480686695279, "Recall": 0.5515394912985274, "Accuracy": 0.8044220744202768}}, "generated_1500_each": {"NB": {"F1": 0.42960115329168674, "Precision": 0.3350824587706147, "Recall": 0.5983935742971888, "Accuracy": 0.7866259212655042}, "BERT": {"F1": 0.7255762897914381, "Precision": 0.6148837209302326, "Recall": 0.8848728246318608, "Accuracy": 0.9102656137832017}, "LightGBM": {"F1": 0.5066952329941081, "Precision": 0.42232142857142857, "Recall": 0.6331994645247657, "Accuracy": 0.8344418479237822}, "LSTM": {"F1": 0.3736689254598257, "Precision": 0.6748251748251748, "Recall": 0.2583668005354752, "Accuracy": 0.883883704235463}, "KNN": {"F1": 0.22433799464445106, "Precision": 0.14422341239479725, "Recall": 0.5046854082998661, "Accuracy": 0.5313679669243214}, "XGBoost": {"F1": 0.46976744186046515, "Precision": 0.5580110497237569, "Recall": 0.40562248995983935, "Accuracy": 0.8770447600215711}, "LR": {"F1": 0.4650924024640657, "Precision": 0.3771856786011657, "Recall": 0.606425702811245, "Accuracy": 0.812690994067949}, "SVM": {"F1": 0.448559670781893, "Precision": 0.3642439431913116, "Recall": 0.5836680053547524, "Accuracy": 0.8072982203846846}}, "generated_2000_each": {"NB": {"F1": 0.44272595456742386, "Precision": 0.3464447806354009, "Recall": 0.6131191432396251, "Accuracy": 0.7927377314398706}, "BERT": {"F1": 0.7222222222222222, "Precision": 0.7311385459533608, "Recall": 0.713520749665328, "Accuracy": 0.9264178033022255}, "LightGBM": {"F1": 0.5252747252747253, "Precision": 0.44547996272134205, "Recall": 0.6398929049531459, "Accuracy": 0.8446881179219845}, "LSTM": {"F1": 0.08208955223880596, "Precision": 0.13538461538461538, "Recall": 0.058902275769745646, "Accuracy": 0.823402727925341}, "KNN": {"F1": 0.22118959107806693, "Precision": 0.14389359129383314, "Recall": 0.4779116465863454, "Accuracy": 0.5480855653424411}, "XGBoost": {"F1": 0.46697388632872505, "Precision": 0.5477477477477477, "Recall": 0.4069611780455154, "Accuracy": 0.8752471687938163}, "LR": {"F1": 0.4897750511247443, "Precision": 0.39619520264681557, "Recall": 0.6412315930388219, "Accuracy": 0.8206003954700701}, "SVM": {"F1": 0.46914839367669553, "Precision": 0.37891268533772654, "Recall": 0.6157965194109772, "Accuracy": 0.8128707531907244}}, "generated_2500_each": {"NB": {"F1": 0.4632388274867852, "Precision": 0.3613193403298351, "Recall": 0.6452476572958501, "Accuracy": 0.7992090598597879}, "BERT": {"F1": 0.715922107674685, "Precision": 0.6256256256256256, "Recall": 0.8366800535475234, "Accuracy": 0.9109834888729361}, "LightGBM": {"F1": 0.5278528934559221, "Precision": 0.44283121597096187, "Recall": 0.6532797858099063, "Accuracy": 0.8430702858170052}, "LSTM": {"F1": 0.47769667477696676, "Precision": 0.3426410703897615, "Recall": 0.7884872824631861, "Accuracy": 0.7688442211055276}, "KNN": {"F1": 0.21110433190970104, "Precision": 0.1367048597392335, "Recall": 0.46318607764390896, "Accuracy": 0.5351429085026065}, "XGBoost": {"F1": 0.46792452830188674, "Precision": 0.5363321799307958, "Recall": 0.4149933065595716, "Accuracy": 0.873269818443286}, "LR": {"F1": 0.47799385875127937, "Precision": 0.3869096934548467, "Recall": 0.6251673360107095, "Accuracy": 0.8166456947690095}, "SVM": {"F1": 0.4775818639798489, "Precision": 0.38287560581583197, "Recall": 0.6345381526104418, "Accuracy": 0.8135897896818264}}, "generated_3000_each": {"NB": {"F1": 0.4821600771456124, "Precision": 0.37678975131876413, "Recall": 0.6693440428380187, "Accuracy": 0.8069387021391335}, "BERT": {"F1": 0.7607594936708859, "Precision": 0.7214885954381752, "Recall": 0.8045515394912985, "Accuracy": 0.9321608040201005}, "LightGBM": {"F1": 0.5487480021310601, "Precision": 0.4557522123893805, "Recall": 0.6894243641231593, "Accuracy": 0.8477440230091677}, "LSTM": {"F1": 0.6000000000000001, "Precision": 0.5690276110444178, "Recall": 0.6345381526104418, "Accuracy": 0.886575735821967}, "KNN": {"F1": 0.22931442080378253, "Precision": 0.14713689799014032, "Recall": 0.5194109772423026, "Accuracy": 0.531188207801546}, "XGBoost": {"F1": 0.47711927981995494, "Precision": 0.5426621160409556, "Recall": 0.42570281124497994, "Accuracy": 0.8747078914254899}, "LR": {"F1": 0.47652347652347654, "Precision": 0.3800796812749004, "Recall": 0.6385542168674698, "Accuracy": 0.811612439331296}, "SVM": {"F1": 0.4892747701736465, "Precision": 0.3955408753096614, "Recall": 0.6412315930388219, "Accuracy": 0.8202408772245191}}, "generated_3500_each": {"NB": {"F1": 0.4888475836431226, "Precision": 0.37437722419928826, "Recall": 0.7041499330655957, "Accuracy": 0.8022649649469711}, "BERT": {"F1": 0.7672462142456533, "Precision": 0.6602316602316602, "Recall": 0.9156626506024096, "Accuracy": 0.9255204594400575}, "LightGBM": {"F1": 0.536231884057971, "Precision": 0.4371308016877637, "Recall": 0.6934404283801874, "Accuracy": 0.8389358259931692},