{"original": {"NB": {"F1": 0.9064748201438849, "Precision": 0.9767441860465116, "Recall": 0.8456375838926175, "Accuracy": 0.9766187050359713}, "BERT": {"F1": 0.9411764705882353, "Precision": 0.9171974522292994, "Recall": 0.9664429530201343, "Accuracy": 0.9838565022421525}, "LightGBM": {"F1": 0.8928571428571429, "Precision": 0.9541984732824428, "Recall": 0.8389261744966443, "Accuracy": 0.9730215827338129}, "LSTM": {"F1": 0.92, "Precision": 0.9139072847682119, "Recall": 0.9261744966442953, "Accuracy": 0.97847533632287}, "KNN": {"F1": 0.8432835820895521, "Precision": 0.9495798319327731, "Recall": 0.7583892617449665, "Accuracy": 0.9622302158273381}, "XGBoost": {"F1": 0.728744939271255, "Precision": 0.9183673469387755, "Recall": 0.6040268456375839, "Accuracy": 0.939748201438849}, "LR": {"F1": 0.8805970149253731, "Precision": 0.9915966386554622, "Recall": 0.7919463087248322, "Accuracy": 0.9712230215827338}, "SVM": {"F1": 0.9263157894736842, "Precision": 0.9705882352941176, "Recall": 0.8859060402684564, "Accuracy": 0.9811151079136691}}, "generated_350_each": {"NB": {"F1": 0.900709219858156, "Precision": 0.9548872180451128, "Recall": 0.8523489932885906, "Accuracy": 0.9748201438848921}, "BERT": {"F1": 0.9733333333333333, "Precision": 0.9668874172185431, "Recall": 0.9798657718120806, "Accuracy": 0.9928251121076234}, "LightGBM": {"F1": 0.9034482758620689, "Precision": 0.9290780141843972, "Recall": 0.8791946308724832, "Accuracy": 0.9748201438848921}, "LSTM": {"F1": 0.896551724137931, "Precision": 0.9219858156028369, "Recall": 0.87248322147651, "Accuracy": 0.9730941704035875}, "KNN": {"F1": 0.7866666666666666, "Precision": 0.7814569536423841, "Recall": 0.7919463087248322, "Accuracy": 0.9424460431654677}, "XGBoost": {"F1": 0.728744939271255, "Precision": 0.9183673469387755, "Recall": 0.6040268456375839, "Accuracy": 0.939748201438849}, "LR": {"F1": 0.896057347670251, "Precision": 0.9615384615384616, "Recall": 0.8389261744966443, "Accuracy": 0.9739208633093526}, "SVM": {"F1": 0.9090909090909092, "Precision": 0.948905109489051, "Recall": 0.87248322147651, "Accuracy": 0.9766187050359713}}, "generated_500_each": {"NB": {"F1": 0.9045936395759717, "Precision": 0.9552238805970149, "Recall": 0.8590604026845637, "Accuracy": 0.9757194244604317}, "BERT": {"F1": 0.957377049180328, "Precision": 0.9358974358974359, "Recall": 0.9798657718120806, "Accuracy": 0.9883408071748879}, "LightGBM": {"F1": 0.9103448275862069, "Precision": 0.9361702127659575, "Recall": 0.8859060402684564, "Accuracy": 0.9766187050359713}, "LSTM": {"F1": 0.9084967320261438, "Precision": 0.8853503184713376, "Recall": 0.9328859060402684, "Accuracy": 0.9748878923766816}, "KNN": {"F1": 0.7866666666666666, "Precision": 0.7814569536423841, "Recall": 0.7919463087248322, "Accuracy": 0.9424460431654677}, "XGBoost": {"F1": 0.6974789915966386, "Precision": 0.9325842696629213, "Recall": 0.5570469798657718, "Accuracy": 0.935251798561151}, "LR": {"F1": 0.900709219858156, "Precision": 0.9548872180451128, "Recall": 0.8523489932885906, "Accuracy": 0.9748201438848921}, "SVM": {"F1": 0.9090909090909092, "Precision": 0.948905109489051, "Recall": 0.87248322147651, "Accuracy": 0.9766187050359713}}, "generated_1000_each": {"NB": {"F1": 0.8881118881118881, "Precision": 0.927007299270073, "Recall": 0.8523489932885906, "Accuracy": 0.9712230215827338}, "BERT": {"F1": 0.9671052631578947, "Precision": 0.9483870967741935, "Recall": 0.9865771812080537, "Accuracy": 0.9910313901345291}, "LightGBM": {"F1": 0.8934707903780068, "Precision": 0.9154929577464789, "Recall": 0.87248322147651, "Accuracy": 0.9721223021582733}, "LSTM": {"F1": 0.9419795221843005, "Precision": 0.9583333333333334, "Recall": 0.9261744966442953, "Accuracy": 0.9847533632286996}, "KNN": {"F1": 0.7444794952681388, "Precision": 0.7023809523809523, "Recall": 0.7919463087248322, "Accuracy": 0.927158273381295}, "XGBoost": {"F1": 0.728744939271255, "Precision": 0.9183673469387755, "Recall": 0.6040268456375839, "Accuracy": 0.939748201438849}, "LR": {"F1": 0.8695652173913044, "Precision": 0.9448818897637795, "Recall": 0.8053691275167785, "Accuracy": 0.9676258992805755}, "SVM": {"F1": 0.8927335640138407, "Precision": 0.9214285714285714, "Recall": 0.8657718120805369, "Accuracy": 0.9721223021582733}}, "generated_1500_each": {"NB": {"F1": 0.8771929824561403, "Precision": 0.9191176470588235, "Recall": 0.8389261744966443, "Accuracy": 0.9685251798561151}, "BERT": {"F1": 0.9576547231270359, "Precision": 0.930379746835443, "Recall": 0.9865771812080537, "Accuracy": 0.9883408071748879}, "LightGBM": {"F1": 0.8904109589041096, "Precision": 0.9090909090909091, "Recall": 0.87248322147651, "Accuracy": 0.9712230215827338}, "LSTM": {"F1": 0.9084967320261438, "Precision": 0.8853503184713376, "Recall": 0.9328859060402684, "Accuracy": 0.9748878923766816}, "KNN": {"F1": 0.7707641196013288, "Precision": 0.7631578947368421, "Recall": 0.7785234899328859, "Accuracy": 0.9379496402877698}, "XGBoost": {"F1": 0.6553191489361703, "Precision": 0.8953488372093024, "Recall": 0.5167785234899329, "Accuracy": 0.927158273381295}, "LR": {"F1": 0.8701754385964912, "Precision": 0.9117647058823529, "Recall": 0.8322147651006712, "Accuracy": 0.966726618705036}, "SVM": {"F1": 0.888888888888889, "Precision": 0.920863309352518, "Recall": 0.8590604026845637, "Accuracy": 0.9712230215827338}}, "generated_2000_each": {"NB": {"F1": 0.8591065292096219, "Precision": 0.8802816901408451, "Recall": 0.8389261744966443, "Accuracy": 0.9631294964028777}, "BERT": {"F1": 0.9761092150170648, "Precision": 0.9930555555555556, "Recall": 0.959731543624161, "Accuracy": 0.9937219730941704}, "LightGBM": {"F1": 0.8719723183391003, "Precision": 0.9, "Recall": 0.8456375838926175, "Accuracy": 0.966726618705036}, "LSTM": {"F1": 0.9169435215946845, "Precision": 0.9078947368421053, "Recall": 0.9261744966442953, "Accuracy": 0.9775784753363229}, "KNN": {"F1": 0.696969696969697, "Precision": 0.6353591160220995, "Recall": 0.7718120805369127, "Accuracy": 0.9100719424460432}, "XGBoost": {"F1": 0.584070796460177, "Precision": 0.8571428571428571, "Recall": 0.4429530201342282, "Accuracy": 0.9154676258992805}, "LR": {"F1": 0.8680555555555555, "Precision": 0.8992805755395683, "Recall": 0.8389261744966443, "Accuracy": 0.9658273381294964}, "SVM": {"F1": 0.8797250859106529, "Precision": 0.9014084507042254, "Recall": 0.8590604026845637, "Accuracy": 0.9685251798561151}}, "generated_2500_each": {"NB": {"F1": 0.8424657534246576, "Precision": 0.8601398601398601, "Recall": 0.825503355704698, "Accuracy": 0.9586330935251799}, "BERT": {"F1": 0.9662162162162162, "Precision": 0.9727891156462585, "Recall": 0.959731543624161, "Accuracy": 0.9910313901345291}, "LightGBM": {"F1": 0.8571428571428572, "Precision": 0.8689655172413793, "Recall": 0.8456375838926175, "Accuracy": 0.9622302158273381}, "LSTM": {"F1": 0.9375, "Precision": 0.9712230215827338, "Recall": 0.9060402684563759, "Accuracy": 0.9838565022421525}, "KNN": {"F1": 0.725, "Precision": 0.6783625730994152, "Recall": 0.7785234899328859, "Accuracy": 0.920863309352518}, "XGBoost": {"F1": 0.5675675675675675, "Precision": 0.863013698630137, "Recall": 0.4228187919463087, "Accuracy": 0.9136690647482014}, "LR": {"F1": 0.8493150684931506, "Precision": 0.8671328671328671, "Recall": 0.8322147651006712, "Accuracy": 0.960431654676259}, "SVM": {"F1": 0.8513513513513513, "Precision": 0.8571428571428571, "Recall": 0.8456375838926175, "Accuracy": 0.960431654676259}}, "generated_3000_each": {"NB": {"F1": 0.8338983050847458, "Precision": 0.8424657534246576, "Recall": 0.825503355704698, "Accuracy": 0.9559352517985612}, "BERT": {"F1": 0.9735099337748345, "Precision": 0.9607843137254902, "Recall": 0.9865771812080537, "Accuracy": 0.9928251121076234}, "LightGBM": {"F1": 0.8493150684931506, "Precision": 0.8671328671328671, "Recall": 0.8322147651006712, "Accuracy": 0.960431654676259}, "LSTM": {"F1": 0.9292929292929293, "Precision": 0.9324324324324325, "Recall": 0.9261744966442953, "Accuracy": 0.9811659192825112}, "KNN": {"F1": 0.7090909090909091,