{"generated_350_each": {"NB": {"F1": 0.4215633423180593, "Precision": 0.3528880866425993, "Recall": 0.5234270414993306, "Accuracy": 0.807118461261909}, "BERT": {"F1": 0.5412592882283926, "Precision": 0.38232044198895027, "Recall": 0.9263721552878179, "Accuracy": 0.7894831299353913}, "LightGBM": {"F1": 0.31970802919708025, "Precision": 0.35152487961476725, "Recall": 0.2931726907630522, "Accuracy": 0.8324644975732518}, "LSTM": {"F1": 0.17597087378640777, "Precision": 0.1609322974472808, "Recall": 0.19410977242302543, "Accuracy": 0.7562814070351759}, "KNN": {"F1": 0.23871906841339155, "Precision": 0.15252976190476192, "Recall": 0.5488621151271754, "Accuracy": 0.5299298939421175}, "XGBoost": {"F1": 0.3584589614740369, "Precision": 0.47874720357941836, "Recall": 0.28647925033467203, "Accuracy": 0.8623045119539816}, "LR": {"F1": 0.41740031071983424, "Precision": 0.3403716216216216, "Recall": 0.5394912985274432, "Accuracy": 0.7977709868775841}, "SVM": {"F1": 0.4288443170964661, "Precision": 0.3333333333333333, "Recall": 0.6010709504685409, "Accuracy": 0.7850080891605249}}, "generated_500_each": {"NB": {"F1": 0.4518966465090709, "Precision": 0.3833955223880597, "Recall": 0.5502008032128514, "Accuracy": 0.8207801545928456}, "BERT": {"F1": 0.6752475247524753, "Precision": 0.5357423409269442, "Recall": 0.9129852744310576, "Accuracy": 0.8822684852835606}, "LightGBM": {"F1": 0.380952380952381, "Precision": 0.39316239316239315, "Recall": 0.36947791164658633, "Accuracy": 0.8387560668703937}, "LSTM": {"F1": 0.2335550628233555, "Precision": 0.2607260726072607, "Recall": 0.21151271753681392, "Accuracy": 0.8138908829863604}, "KNN": {"F1": 0.3298969072164948, "Precision": 0.2882882882882883, "Recall": 0.3855421686746988, "Accuracy": 0.7896818263526874}, "XGBoost": {"F1": 0.37919463087248323, "Precision": 0.5078651685393258, "Recall": 0.30254350736278446, "Accuracy": 0.8669782491461442}, "LR": {"F1": 0.48110697179350725, "Precision": 0.3992932862190813, "Recall": 0.6050870147255689, "Accuracy": 0.8247348552939061}, "SVM": {"F1": 0.4397022332506203, "Precision": 0.34936908517350157, "Recall": 0.5930388219544847, "Accuracy": 0.7970519503864821}}, "generated_1000_each": {"NB": {"F1": 0.4542235710672737, "Precision": 0.3650406504065041, "Recall": 0.6010709504685409, "Accuracy": 0.8060399065252561}, "BERT": {"F1": 0.6310547759167044, "Precision": 0.47674418604651164, "Recall": 0.9330655957161981, "Accuracy": 0.8537329504666188}, "LightGBM": {"F1": 0.4753654574986464, "Precision": 0.3990909090909091, "Recall": 0.5876840696117804, "Accuracy": 0.8258134100305591}, "LSTM": {"F1": 0.3850267379679145, "Precision": 0.3205699020480855, "Recall": 0.4819277108433735, "Accuracy": 0.793610911701364}, "KNN": {"F1": 0.34513771781899943, "Precision": 0.29748062015503873, "Recall": 0.4109772423025435, "Accuracy": 0.7905806219665648}, "XGBoost": {"F1": 0.4528301886792453, "Precision": 0.5485714285714286, "Recall": 0.3855421686746988, "Accuracy": 0.8748876505482653}, "LR": {"F1": 0.4527310924369748, "Precision": 0.37251512532411407, "Recall": 0.5769745649263721, "Accuracy": 0.812690994067949}, "SVM": {"F1": 0.4311878597592883, "Precision": 0.3539518900343643, "Recall": 0.5515394912985274, "Accuracy": 0.8046018335430523}}, "generated_1500_each": {"NB": {"F1": 0.42960115329168674, "Precision": 0.3350824587706147, "Recall": 0.5983935742971888, "Accuracy": 0.7866259212655042}, "BERT": {"F1": 0.7716863289382374, "Precision": 0.8011527377521613, "Recall": 0.7443105756358769, "Accuracy": 0.9409547738693468}, "LightGBM": {"F1": 0.5066952329941081, "Precision": 0.42232142857142857, "Recall": 0.6331994645247657, "Accuracy": 0.8344418479237822}, "LSTM": {"F1": 0.20883534136546184, "Precision": 0.26104417670682734, "Recall": 0.17402945113788487, "Accuracy": 0.8232232591529074}, "KNN": {"F1": 0.36223929747530187, "Precision": 0.30697674418604654, "Recall": 0.44176706827309237, "Accuracy": 0.7911198993348912}, "XGBoost": {"F1": 0.46976744186046515, "Precision": 0.5580110497237569, "Recall": 0.40562248995983935, "Accuracy": 0.8770447600215711}, "LR": {"F1": 0.4650924024640657, "Precision": 0.3771856786011657, "Recall": 0.606425702811245, "Accuracy": 0.812690994067949}, "SVM": {"F1": 0.44341085271317826, "Precision": 0.3611111111111111, "Recall": 0.5742971887550201, "Accuracy": 0.8063994247708072}}, "generated_2000_each": {"NB": {"F1": 0.44272595456742386, "Precision": 0.3464447806354009, "Recall": 0.6131191432396251, "Accuracy": 0.7927377314398706}, "BERT": {"F1": 0.6847024102311855, "Precision": 0.5412130637636081, "Recall": 0.9317269076305221, "Accuracy": 0.8849605168700646}, "LightGBM": {"F1": 0.5252747252747253, "Precision": 0.44547996272134205, "Recall": 0.6398929049531459, "Accuracy": 0.8446881179219845}, "LSTM": {"F1": 0.5888137676705593, "Precision": 0.5443181818181818, "Recall": 0.6412315930388219, "Accuracy": 0.8799353912419239}, "KNN": {"F1": 0.33772180881511166, "Precision": 0.295, "Recall": 0.3949129852744311, "Accuracy": 0.7920186949487686}, "XGBoost": {"F1": 0.46697388632872505, "Precision": 0.5477477477477477, "Recall": 0.4069611780455154, "Accuracy": 0.8752471687938163}, "LR": {"F1": 0.4897750511247443, "Precision": 0.39619520264681557, "Recall": 0.6412315930388219, "Accuracy": 0.8206003954700701}, "SVM": {"F1": 0.46914839367669553, "Precision": 0.37891268533772654, "Recall": 0.6157965194109772, "Accuracy": 0.8128707531907244}}, "generated_2500_each": {"NB": {"F1": 0.4632388274867852, "Precision": 0.3613193403298351, "Recall": 0.6452476572958501, "Accuracy": 0.7992090598597879}, "BERT": {"F1": 0.700988039521581, "Precision": 0.5731292517006803, "Recall": 0.9022757697456493, "Accuracy": 0.8968054558506819}, "LightGBM": {"F1": 0.5278528934559221, "Precision": 0.44283121597096187, "Recall": 0.6532797858099063, "Accuracy": 0.8430702858170052}, "LSTM": {"F1": 0.5876244050194721, "Precision": 0.43414322250639387, "Recall": 0.9089692101740294, "Accuracy": 0.8289662598707824}, "KNN": {"F1": 0.30110935023771795, "Precision": 0.2486910994764398, "Recall": 0.3815261044176707, "Accuracy": 0.7621786805680388}, "XGBoost": {"F1": 0.46792452830188674, "Precision": 0.5363321799307958, "Recall": 0.4149933065595716, "Accuracy": 0.873269818443286}, "LR": {"F1": 0.47799385875127937, "Precision": 0.3869096934548467, "Recall": 0.6251673360107095, "Accuracy": 0.8166456947690095}, "SVM": {"F1": 0.4713052310817674, "Precision": 0.37970540098199673, "Recall": 0.6211512717536813, "Accuracy": 0.8128707531907244}}, "generated_3000_each": {"NB": {"F1": 0.4821600771456124, "Precision": 0.37678975131876413, "Recall": 0.6693440428380187, "Accuracy": 0.8069387021391335}, "BERT": {"F1": 0.754778809393774, "Precision": 0.6374538745387454, "Recall": 0.9250334672021419, "Accuracy": 0.9194185211773152}, "LightGBM": {"F1": 0.5487480021310601, "Precision": 0.4557522123893805, "Recall": 0.6894243641231593, "Accuracy": 0.8477440230091677}, "LSTM": {"F1": 0.49643140364789845, "Precision": 0.3526760563380282, "Recall": 0.8380187416331994, "Accuracy": 0.7720746590093324}, "KNN": {"F1": 0.4554629223343572, "Precision": 0.3387728459530026, "Recall": 0.6947791164658634, "Accuracy": 0.7769189286356283}, "XGBoost": {"F1": 0.47711927981995494, "Precision": 0.5426621160409556, "Recall": 0.42570281124497994, "Accuracy": 0.8747078914254899}, "LR": {"F1": 0.47652347652347654, "Precision": 0.3800796812749004, "Recall": 0.6385542168674698, "Accuracy": 0.811612439331296}, "SVM": {"F1": 0.4897959183673469, "Precision": 0.3957131079967024, "Recall": 0.642570281124498, "Accuracy": 0.8202408772245191}}, "generated_3500_each": {"NB": {"F1": 0.4888475836431226, "Precision": 0.37437722419928826, "Recall": 0.7041499330655957, "Accuracy": 0.8022649649469711}, "BERT": {"F1": 0.7907514450867053, "Precision": 0.6958290946083419, "Recall": 0.9156626506024096, "Accuracy": 0.9350323043790381}, "LightGBM": {"F1": 0.536231884057971, "Precision": 0.4371308016877637, "Recall": 0.6934404283801874, "Accuracy": 0.8389358259931692}, "LSTM": {"F1": 0.6859395532194481,