{"generated_350_each": {"NB": {"F1": 0.4215633423180593, "Precision": 0.3528880866425993, "Recall": 0.5234270414993306, "Accuracy": 0.807118461261909}, "BERT": {"F1": 0.5441455096627511, "Precision": 0.379492600422833, "Recall": 0.9611780455153949, "Accuracy": 0.7840990667623834}, "LightGBM": {"F1": 0.31970802919708025, "Precision": 0.35152487961476725, "Recall": 0.2931726907630522, "Accuracy": 0.8324644975732518}, "LSTM": {"F1": 0.0397489539748954, "Precision": 0.09090909090909091, "Recall": 0.025435073627844713, "Accuracy": 0.8352476669059583}, "KNN": {"F1": 0.33313644418192556, "Precision": 0.29809725158562367, "Recall": 0.37751004016064255, "Accuracy": 0.7970519503864821}, "XGBoost": {"F1": 0.3584589614740369, "Precision": 0.47874720357941836, "Recall": 0.28647925033467203, "Accuracy": 0.8623045119539816}, "LR": {"F1": 0.41740031071983424, "Precision": 0.3403716216216216, "Recall": 0.5394912985274432, "Accuracy": 0.7977709868775841}, "SVM": {"F1": 0.4273422562141491, "Precision": 0.33234200743494424, "Recall": 0.5983935742971888, "Accuracy": 0.784648570914974}}, "generated_500_each": {"NB": {"F1": 0.4518966465090709, "Precision": 0.3833955223880597, "Recall": 0.5502008032128514, "Accuracy": 0.8207801545928456}, "BERT": {"F1": 0.5393848462115528, "Precision": 0.3746743095362168, "Recall": 0.9625167336010709, "Accuracy": 0.7796123474515434}, "LightGBM": {"F1": 0.380952380952381, "Precision": 0.39316239316239315, "Recall": 0.36947791164658633, "Accuracy": 0.8387560668703937}, "LSTM": {"F1": 0.23948751642575555, "Precision": 0.13649129376521252, "Recall": 0.9759036144578314, "Accuracy": 0.16905958363244794}, "KNN": {"F1": 0.3363363363363363, "Precision": 0.30501089324618735, "Recall": 0.3748326639892905, "Accuracy": 0.8013661693330937}, "XGBoost": {"F1": 0.37919463087248323, "Precision": 0.5078651685393258, "Recall": 0.30254350736278446, "Accuracy": 0.8669782491461442}, "LR": {"F1": 0.48110697179350725, "Precision": 0.3992932862190813, "Recall": 0.6050870147255689, "Accuracy": 0.8247348552939061}, "SVM": {"F1": 0.4323514727908138, "Precision": 0.3447452229299363, "Recall": 0.5796519410977242, "Accuracy": 0.7956138774042782}}, "generated_1000_each": {"NB": {"F1": 0.4542235710672737, "Precision": 0.3650406504065041, "Recall": 0.6010709504685409, "Accuracy": 0.8060399065252561}, "BERT": {"F1": 0.645193260654113, "Precision": 0.5121951219512195, "Recall": 0.8714859437751004, "Accuracy": 0.8715003589375449}, "LightGBM": {"F1": 0.4753654574986464, "Precision": 0.3990909090909091, "Recall": 0.5876840696117804, "Accuracy": 0.8258134100305591}, "LSTM": {"F1": 0.10478359908883828, "Precision": 0.3511450381679389, "Recall": 0.06157965194109773, "Accuracy": 0.8589375448671931}, "KNN": {"F1": 0.36173913043478256, "Precision": 0.31901840490797545, "Recall": 0.41767068273092367, "Accuracy": 0.8020852058241956}, "XGBoost": {"F1": 0.4528301886792453, "Precision": 0.5485714285714286, "Recall": 0.3855421686746988, "Accuracy": 0.8748876505482653}, "LR": {"F1": 0.4527310924369748, "Precision": 0.37251512532411407, "Recall": 0.5769745649263721, "Accuracy": 0.812690994067949}, "SVM": {"F1": 0.4309623430962343, "Precision": 0.3536480686695279, "Recall": 0.5515394912985274, "Accuracy": 0.8044220744202768}}, "generated_1500_each": {"NB": {"F1": 0.42960115329168674, "Precision": 0.3350824587706147, "Recall": 0.5983935742971888, "Accuracy": 0.7866259212655042}, "BERT": {"F1": 0.6213151927437641, "Precision": 0.46982167352537724, "Recall": 0.9170013386880856, "Accuracy": 0.8501435750179469}, "LightGBM": {"F1": 0.5066952329941081, "Precision": 0.42232142857142857, "Recall": 0.6331994645247657, "Accuracy": 0.8344418479237822}, "LSTM": {"F1": 0.3717872086072923, "Precision": 0.33585313174946, "Recall": 0.41633199464524767, "Accuracy": 0.8113783201722901}, "KNN": {"F1": 0.35651214128035325, "Precision": 0.3032863849765258, "Recall": 0.4323962516733601, "Accuracy": 0.7904008628437893}, "XGBoost": {"F1": 0.46976744186046515, "Precision": 0.5580110497237569, "Recall": 0.40562248995983935, "Accuracy": 0.8770447600215711}, "LR": {"F1": 0.4650924024640657, "Precision": 0.3771856786011657, "Recall": 0.606425702811245, "Accuracy": 0.812690994067949}, "SVM": {"F1": 0.44686365992742355, "Precision": 0.3646362098138748, "Recall": 0.5769745649263721, "Accuracy": 0.808197015998562}}, "generated_2000_each": {"NB": {"F1": 0.44272595456742386, "Precision": 0.3464447806354009, "Recall": 0.6131191432396251, "Accuracy": 0.7927377314398706}, "BERT": {"F1": 0.7350157728706624, "Precision": 0.6051948051948052, "Recall": 0.9357429718875502, "Accuracy": 0.9095477386934674}, "LightGBM": {"F1": 0.5252747252747253, "Precision": 0.44547996272134205, "Recall": 0.6398929049531459, "Accuracy": 0.8446881179219845}, "LSTM": {"F1": 0.5559808612440191, "Precision": 0.43261355174981386, "Recall": 0.7777777777777778, "Accuracy": 0.8334529791816224}, "KNN": {"F1": 0.34478935698447893, "Precision": 0.29422894985808895, "Recall": 0.41633199464524767, "Accuracy": 0.7875247168793816}, "XGBoost": {"F1": 0.46697388632872505, "Precision": 0.5477477477477477, "Recall": 0.4069611780455154, "Accuracy": 0.8752471687938163}, "LR": {"F1": 0.4897750511247443, "Precision": 0.39619520264681557, "Recall": 0.6412315930388219, "Accuracy": 0.8206003954700701}, "SVM": {"F1": 0.46962736089841756, "Precision": 0.3795379537953795, "Recall": 0.6157965194109772, "Accuracy": 0.8132302714362754}}, "generated_2500_each": {"NB": {"F1": 0.4632388274867852, "Precision": 0.3613193403298351, "Recall": 0.6452476572958501, "Accuracy": 0.7992090598597879}, "BERT": {"F1": 0.7796610169491526, "Precision": 0.6744868035190615, "Recall": 0.9236947791164659, "Accuracy": 0.9300071787508973}, "LightGBM": {"F1": 0.5278528934559221, "Precision": 0.44283121597096187, "Recall": 0.6532797858099063, "Accuracy": 0.8430702858170052}, "LSTM": {"F1": 0.5664372683959767, "Precision": 0.46847635726795095, "Recall": 0.7161981258366801, "Accuracy": 0.8530150753768844}, "KNN": {"F1": 0.20773809523809525, "Precision": 0.13356295445847685, "Recall": 0.46720214190093706, "Accuracy": 0.52148121517167}, "XGBoost": {"F1": 0.46792452830188674, "Precision": 0.5363321799307958, "Recall": 0.4149933065595716, "Accuracy": 0.873269818443286}, "LR": {"F1": 0.47799385875127937, "Precision": 0.3869096934548467, "Recall": 0.6251673360107095, "Accuracy": 0.8166456947690095}, "SVM": {"F1": 0.48258455325593136, "Precision": 0.3873581847649919, "Recall": 0.6398929049531459, "Accuracy": 0.8157468991551321}}, "generated_3000_each": {"NB": {"F1": 0.4821600771456124, "Precision": 0.37678975131876413, "Recall": 0.6693440428380187, "Accuracy": 0.8069387021391335}, "BERT": {"F1": 0.736068585425597, "Precision": 0.6783295711060948, "Recall": 0.8045515394912985, "Accuracy": 0.9226489590811199}, "LightGBM": {"F1": 0.5487480021310601, "Precision": 0.4557522123893805, "Recall": 0.6894243641231593, "Accuracy": 0.8477440230091677}, "LSTM": {"F1": 0.6376119402985074, "Precision": 0.5754310344827587, "Recall": 0.714859437751004, "Accuracy": 0.8910624551328069}, "KNN": {"F1": 0.37376366475793854, "Precision": 0.30579216354344124, "Recall": 0.48058902275769744, "Accuracy": 0.7837497753010966}, "XGBoost": {"F1": 0.47711927981995494, "Precision": 0.5426621160409556, "Recall": 0.42570281124497994, "Accuracy": 0.8747078914254899}, "LR": {"F1": 0.47652347652347654, "Precision": 0.3800796812749004, "Recall": 0.6385542168674698, "Accuracy": 0.811612439331296}, "SVM": {"F1": 0.4885028104241185, "Precision": 0.3950413223140496, "Recall": 0.6398929049531459, "Accuracy": 0.8200611181017436}}, "generated_3500_each": {"NB": {"F1": 0.4888475836431226, "Precision": 0.37437722419928826, "Recall": 0.7041499330655957, "Accuracy": 0.8022649649469711}, "BERT": {"F1": 0.7593220338983051, "Precision": 0.656891495601173, "Recall": 0.8995983935742972, "Accuracy": 0.9235463029432879}, "LightGBM": {"F1": 0.536231884057971, "Precision": 0.4371308016877637, "Recall": 0.6934404283801874, "Accuracy": 0.8389358259931692},