{"generated_350_each": {"NB": {"F1": 0.4215633423180593, "Precision": 0.3528880866425993, "Recall": 0.5234270414993306, "Accuracy": 0.807118461261909}, "BERT": {"F1": 0.5428457552809884, "Precision": 0.38649262202043133, "Recall": 0.9116465863453815, "Accuracy": 0.7941493180186647}, "LightGBM": {"F1": 0.31970802919708025, "Precision": 0.35152487961476725, "Recall": 0.2931726907630522, "Accuracy": 0.8324644975732518}, "LSTM": {"F1": 0.005256241787122207, "Precision": 0.14285714285714285, "Recall": 0.002677376171352075, "Accuracy": 0.8641421392677674}, "KNN": {"F1": 0.38391699092088194, "Precision": 0.3723270440251572, "Recall": 0.3962516733601071, "Accuracy": 0.8292288333632932}, "XGBoost": {"F1": 0.3584589614740369, "Precision": 0.47874720357941836, "Recall": 0.28647925033467203, "Accuracy": 0.8623045119539816}, "LR": {"F1": 0.41740031071983424, "Precision": 0.3403716216216216, "Recall": 0.5394912985274432, "Accuracy": 0.7977709868775841}, "SVM": {"F1": 0.4273422562141491, "Precision": 0.33234200743494424, "Recall": 0.5983935742971888, "Accuracy": 0.784648570914974}}, "generated_500_each": {"NB": {"F1": 0.4518966465090709, "Precision": 0.3833955223880597, "Recall": 0.5502008032128514, "Accuracy": 0.8207801545928456}, "BERT": {"F1": 0.5636437576250508, "Precision": 0.4047897196261682, "Recall": 0.927710843373494, "Accuracy": 0.8074300071787509}, "LightGBM": {"F1": 0.380952380952381, "Precision": 0.39316239316239315, "Recall": 0.36947791164658633, "Accuracy": 0.8387560668703937}, "LSTM": {"F1": 0.3830388692579505, "Precision": 0.2602016322611618, "Recall": 0.7255689424364123, "Accuracy": 0.6866475233309404}, "KNN": {"F1": 0.21990136350449668, "Precision": 0.14037037037037037, "Recall": 0.5073627844712182, "Accuracy": 0.516627718856732}, "XGBoost": {"F1": 0.37919463087248323, "Precision": 0.5078651685393258, "Recall": 0.30254350736278446, "Accuracy": 0.8669782491461442}, "LR": {"F1": 0.48110697179350725, "Precision": 0.3992932862190813, "Recall": 0.6050870147255689, "Accuracy": 0.8247348552939061}, "SVM": {"F1": 0.4319201995012469, "Precision": 0.3441971383147854, "Recall": 0.5796519410977242, "Accuracy": 0.7952543591587273}}, "generated_1000_each": {"NB": {"F1": 0.4542235710672737, "Precision": 0.3650406504065041, "Recall": 0.6010709504685409, "Accuracy": 0.8060399065252561}, "BERT": {"F1": 0.6086576300830783, "Precision": 0.45194805194805193, "Recall": 0.9317269076305221, "Accuracy": 0.839375448671931}, "LightGBM": {"F1": 0.4753654574986464, "Precision": 0.3990909090909091, "Recall": 0.5876840696117804, "Accuracy": 0.8258134100305591}, "LSTM": {"F1": 0.4906621392190153, "Precision": 0.35922933499067744, "Recall": 0.7737617135207496, "Accuracy": 0.7846374730796841}, "KNN": {"F1": 0.3520809898762654, "Precision": 0.30358874878758485, "Recall": 0.4190093708165997, "Accuracy": 0.792917490562646}, "XGBoost": {"F1": 0.4528301886792453, "Precision": 0.5485714285714286, "Recall": 0.3855421686746988, "Accuracy": 0.8748876505482653}, "LR": {"F1": 0.4527310924369748, "Precision": 0.37251512532411407, "Recall": 0.5769745649263721, "Accuracy": 0.812690994067949}, "SVM": {"F1": 0.4309623430962343, "Precision": 0.3536480686695279, "Recall": 0.5515394912985274, "Accuracy": 0.8044220744202768}}, "generated_1500_each": {"NB": {"F1": 0.42960115329168674, "Precision": 0.3350824587706147, "Recall": 0.5983935742971888, "Accuracy": 0.7866259212655042}, "BERT": {"F1": 0.7923757658270933, "Precision": 0.8060941828254847, "Recall": 0.7791164658634538, "Accuracy": 0.9452620244077531}, "LightGBM": {"F1": 0.5066952329941081, "Precision": 0.42232142857142857, "Recall": 0.6331994645247657, "Accuracy": 0.8344418479237822}, "LSTM": {"F1": 0.38983050847457623, "Precision": 0.4125560538116592, "Recall": 0.36947791164658633, "Accuracy": 0.8449389806173726}, "KNN": {"F1": 0.3798494499131442, "Precision": 0.3346938775510204, "Recall": 0.4390896921017403, "Accuracy": 0.80747797950746}, "XGBoost": {"F1": 0.46976744186046515, "Precision": 0.5580110497237569, "Recall": 0.40562248995983935, "Accuracy": 0.8770447600215711}, "LR": {"F1": 0.4650924024640657, "Precision": 0.3771856786011657, "Recall": 0.606425702811245, "Accuracy": 0.812690994067949}, "SVM": {"F1": 0.4452442159383033, "Precision": 0.3614357262103506, "Recall": 0.5796519410977242, "Accuracy": 0.8060399065252561}}, "generated_2000_each": {"NB": {"F1": 0.44272595456742386, "Precision": 0.3464447806354009, "Recall": 0.6131191432396251, "Accuracy": 0.7927377314398706}, "BERT": {"F1": 0.7447608812466415, "Precision": 0.6220825852782765, "Recall": 0.927710843373494, "Accuracy": 0.9147523330940417}, "LightGBM": {"F1": 0.5252747252747253, "Precision": 0.44547996272134205, "Recall": 0.6398929049531459, "Accuracy": 0.8446881179219845}, "LSTM": {"F1": 0.3502392344497608, "Precision": 0.27252419955323903, "Recall": 0.4899598393574297, "Accuracy": 0.7562814070351759}, "KNN": {"F1": 0.3455040871934605, "Precision": 0.2913602941176471, "Recall": 0.4243641231593039, "Accuracy": 0.7841092935466475}, "XGBoost": {"F1": 0.46697388632872505, "Precision": 0.5477477477477477, "Recall": 0.4069611780455154, "Accuracy": 0.8752471687938163}, "LR": {"F1": 0.4897750511247443, "Precision": 0.39619520264681557, "Recall": 0.6412315930388219, "Accuracy": 0.8206003954700701}, "SVM": {"F1": 0.46731857951621203, "Precision": 0.3795986622073579, "Recall": 0.607764390896921, "Accuracy": 0.8139493079273773}}, "generated_2500_each": {"NB": {"F1": 0.4632388274867852, "Precision": 0.3613193403298351, "Recall": 0.6452476572958501, "Accuracy": 0.7992090598597879}, "BERT": {"F1": 0.751209027404621, "Precision": 0.6274685816876122, "Recall": 0.9357429718875502, "Accuracy": 0.9169059583632448}, "LightGBM": {"F1": 0.5278528934559221, "Precision": 0.44283121597096187, "Recall": 0.6532797858099063, "Accuracy": 0.8430702858170052}, "LSTM": {"F1": 0.6179507545671168, "Precision": 0.759765625, "Recall": 0.5207496653279786, "Accuracy": 0.91367552045944}, "KNN": {"F1": 0.21108675227059193, "Precision": 0.13777596075224857, "Recall": 0.45113788487282463, "Accuracy": 0.5471867697285637}, "XGBoost": {"F1": 0.46792452830188674, "Precision": 0.5363321799307958, "Recall": 0.4149933065595716, "Accuracy": 0.873269818443286}, "LR": {"F1": 0.47799385875127937, "Precision": 0.3869096934548467, "Recall": 0.6251673360107095, "Accuracy": 0.8166456947690095}, "SVM": {"F1": 0.48161209068010075, "Precision": 0.3861066235864297, "Recall": 0.6398929049531459, "Accuracy": 0.8150278626640302}}, "generated_3000_each": {"NB": {"F1": 0.4821600771456124, "Precision": 0.37678975131876413, "Recall": 0.6693440428380187, "Accuracy": 0.8069387021391335}, "BERT": {"F1": 0.7754010695187166, "Precision": 0.774365821094793, "Recall": 0.7764390896921017, "Accuracy": 0.9396984924623115}, "LightGBM": {"F1": 0.5487480021310601, "Precision": 0.4557522123893805, "Recall": 0.6894243641231593, "Accuracy": 0.8477440230091677}, "LSTM": {"F1": 0.53375, "Precision": 0.5005861664712778, "Recall": 0.571619812583668, "Accuracy": 0.866116295764537}, "KNN": {"F1": 0.24139976275207595, "Precision": 0.15504761904761905, "Recall": 0.5448460508701473, "Accuracy": 0.54017616394032}, "XGBoost": {"F1": 0.47711927981995494, "Precision": 0.5426621160409556, "Recall": 0.42570281124497994, "Accuracy": 0.8747078914254899}, "LR": {"F1": 0.47652347652347654, "Precision": 0.3800796812749004, "Recall": 0.6385542168674698, "Accuracy": 0.811612439331296}, "SVM": {"F1": 0.48556701030927835, "Precision": 0.3948030176026823, "Recall": 0.6305220883534136, "Accuracy": 0.8206003954700701}}, "generated_3500_each": {"NB": {"F1": 0.4888475836431226, "Precision": 0.37437722419928826, "Recall": 0.7041499330655957, "Accuracy": 0.8022649649469711}, "BERT": {"F1": 0.7061574434918161, "Precision": 0.8451492537313433, "Recall": 0.606425702811245, "Accuracy": 0.9323402727925341}, "LightGBM": {"F1": 0.536231884057971, "Precision": 0.4371308016877637, "Recall": 0.6934404283801874, "Accuracy": 0.8389358259931692}, "LSTM": {"F1": 0.4883333333333333,