{"original": {"NB": {"F1": 0.9064748201438849, "Precision": 0.9767441860465116, "Recall": 0.8456375838926175, "Accuracy": 0.9766187050359713}, "BERT": {"F1": 0.959731543624161, "Precision": 0.959731543624161, "Recall": 0.959731543624161, "Accuracy": 0.989237668161435}, "LightGBM": {"F1": 0.8928571428571429, "Precision": 0.9541984732824428, "Recall": 0.8389261744966443, "Accuracy": 0.9730215827338129}, "LSTM": {"F1": 0.8852459016393444, "Precision": 0.8653846153846154, "Recall": 0.9060402684563759, "Accuracy": 0.968609865470852}, "KNN": {"F1": 0.8432835820895521, "Precision": 0.9495798319327731, "Recall": 0.7583892617449665, "Accuracy": 0.9622302158273381}, "XGBoost": {"F1": 0.728744939271255, "Precision": 0.9183673469387755, "Recall": 0.6040268456375839, "Accuracy": 0.939748201438849}, "LR": {"F1": 0.8805970149253731, "Precision": 0.9915966386554622, "Recall": 0.7919463087248322, "Accuracy": 0.9712230215827338}, "SVM": {"F1": 0.9263157894736842, "Precision": 0.9705882352941176, "Recall": 0.8859060402684564, "Accuracy": 0.9811151079136691}}, "generated_350_each": {"NB": {"F1": 0.900709219858156, "Precision": 0.9548872180451128, "Recall": 0.8523489932885906, "Accuracy": 0.9748201438848921}, "BERT": {"F1": 0.9735099337748345, "Precision": 0.9607843137254902, "Recall": 0.9865771812080537, "Accuracy": 0.9928251121076234}, "LightGBM": {"F1": 0.9034482758620689, "Precision": 0.9290780141843972, "Recall": 0.8791946308724832, "Accuracy": 0.9748201438848921}, "LSTM": {"F1": 0.8753993610223643, "Precision": 0.8353658536585366, "Recall": 0.9194630872483222, "Accuracy": 0.9650224215246637}, "KNN": {"F1": 0.74375, "Precision": 0.695906432748538, "Recall": 0.7986577181208053, "Accuracy": 0.9262589928057554}, "XGBoost": {"F1": 0.728744939271255, "Precision": 0.9183673469387755, "Recall": 0.6040268456375839, "Accuracy": 0.939748201438849}, "LR": {"F1": 0.896057347670251, "Precision": 0.9615384615384616, "Recall": 0.8389261744966443, "Accuracy": 0.9739208633093526}, "SVM": {"F1": 0.9059233449477352, "Precision": 0.9420289855072463, "Recall": 0.87248322147651, "Accuracy": 0.9757194244604317}}, "generated_500_each": {"NB": {"F1": 0.9045936395759717, "Precision": 0.9552238805970149, "Recall": 0.8590604026845637, "Accuracy": 0.9757194244604317}, "BERT": {"F1": 0.9508196721311476, "Precision": 0.9294871794871795, "Recall": 0.9731543624161074, "Accuracy": 0.9865470852017937}, "LightGBM": {"F1": 0.9103448275862069, "Precision": 0.9361702127659575, "Recall": 0.8859060402684564, "Accuracy": 0.9766187050359713}, "LSTM": {"F1": 0.9180327868852459, "Precision": 0.8974358974358975, "Recall": 0.9395973154362416, "Accuracy": 0.9775784753363229}, "KNN": {"F1": 0.8137931034482757, "Precision": 0.8368794326241135, "Recall": 0.7919463087248322, "Accuracy": 0.9514388489208633}, "XGBoost": {"F1": 0.6974789915966386, "Precision": 0.9325842696629213, "Recall": 0.5570469798657718, "Accuracy": 0.935251798561151}, "LR": {"F1": 0.900709219858156, "Precision": 0.9548872180451128, "Recall": 0.8523489932885906, "Accuracy": 0.9748201438848921}, "SVM": {"F1": 0.9090909090909092, "Precision": 0.948905109489051, "Recall": 0.87248322147651, "Accuracy": 0.9766187050359713}}, "generated_1000_each": {"NB": {"F1": 0.8881118881118881, "Precision": 0.927007299270073, "Recall": 0.8523489932885906, "Accuracy": 0.9712230215827338}, "BERT": {"F1": 0.9668874172185431, "Precision": 0.954248366013072, "Recall": 0.9798657718120806, "Accuracy": 0.9910313901345291}, "LightGBM": {"F1": 0.8934707903780068, "Precision": 0.9154929577464789, "Recall": 0.87248322147651, "Accuracy": 0.9721223021582733}, "LSTM": {"F1": 0.9210526315789472, "Precision": 0.9032258064516129, "Recall": 0.9395973154362416, "Accuracy": 0.97847533632287}, "KNN": {"F1": 0.7972972972972974, "Precision": 0.8027210884353742, "Recall": 0.7919463087248322, "Accuracy": 0.9460431654676259}, "XGBoost": {"F1": 0.728744939271255, "Precision": 0.9183673469387755, "Recall": 0.6040268456375839, "Accuracy": 0.939748201438849}, "LR": {"F1": 0.8695652173913044, "Precision": 0.9448818897637795, "Recall": 0.8053691275167785, "Accuracy": 0.9676258992805755}, "SVM": {"F1": 0.888888888888889, "Precision": 0.920863309352518, "Recall": 0.8590604026845637, "Accuracy": 0.9712230215827338}}, "generated_1500_each": {"NB": {"F1": 0.8771929824561403, "Precision": 0.9191176470588235, "Recall": 0.8389261744966443, "Accuracy": 0.9685251798561151}, "BERT": {"F1": 0.9765886287625419, "Precision": 0.9733333333333334, "Recall": 0.9798657718120806, "Accuracy": 0.9937219730941704}, "LightGBM": {"F1": 0.8904109589041096, "Precision": 0.9090909090909091, "Recall": 0.87248322147651, "Accuracy": 0.9712230215827338}, "LSTM": {"F1": 0.9297658862876254, "Precision": 0.9266666666666666, "Recall": 0.9328859060402684, "Accuracy": 0.9811659192825112}, "KNN": {"F1": 0.7574750830564784, "Precision": 0.75, "Recall": 0.7651006711409396, "Accuracy": 0.9343525179856115}, "XGBoost": {"F1": 0.6553191489361703, "Precision": 0.8953488372093024, "Recall": 0.5167785234899329, "Accuracy": 0.927158273381295}, "LR": {"F1": 0.8701754385964912, "Precision": 0.9117647058823529, "Recall": 0.8322147651006712, "Accuracy": 0.966726618705036}, "SVM": {"F1": 0.888888888888889, "Precision": 0.920863309352518, "Recall": 0.8590604026845637, "Accuracy": 0.9712230215827338}}, "generated_2000_each": {"NB": {"F1": 0.8591065292096219, "Precision": 0.8802816901408451, "Recall": 0.8389261744966443, "Accuracy": 0.9631294964028777}, "BERT": {"F1": 0.9733333333333333, "Precision": 0.9668874172185431, "Recall": 0.9798657718120806, "Accuracy": 0.9928251121076234}, "LightGBM": {"F1": 0.8719723183391003, "Precision": 0.9, "Recall": 0.8456375838926175, "Accuracy": 0.966726618705036}, "LSTM": {"F1": 0.9302325581395349, "Precision": 0.9210526315789473, "Recall": 0.9395973154362416, "Accuracy": 0.9811659192825112}, "KNN": {"F1": 0.7222222222222222, "Precision": 0.6685714285714286, "Recall": 0.785234899328859, "Accuracy": 0.9190647482014388}, "XGBoost": {"F1": 0.584070796460177, "Precision": 0.8571428571428571, "Recall": 0.4429530201342282, "Accuracy": 0.9154676258992805}, "LR": {"F1": 0.8680555555555555, "Precision": 0.8992805755395683, "Recall": 0.8389261744966443, "Accuracy": 0.9658273381294964}, "SVM": {"F1": 0.872852233676976, "Precision": 0.8943661971830986, "Recall": 0.8523489932885906, "Accuracy": 0.966726618705036}}, "generated_2500_each": {"NB": {"F1": 0.8424657534246576, "Precision": 0.8601398601398601, "Recall": 0.825503355704698, "Accuracy": 0.9586330935251799}, "BERT": {"F1": 0.962962962962963, "Precision": 0.9662162162162162, "Recall": 0.959731543624161, "Accuracy": 0.9901345291479821}, "LightGBM": {"F1": 0.8571428571428572, "Precision": 0.8689655172413793, "Recall": 0.8456375838926175, "Accuracy": 0.9622302158273381}, "LSTM": {"F1": 0.9180327868852459, "Precision": 0.8974358974358975, "Recall": 0.9395973154362416, "Accuracy": 0.9775784753363229}, "KNN": {"F1": 0.7147540983606557, "Precision": 0.6987179487179487, "Recall": 0.7315436241610739, "Accuracy": 0.9217625899280576}, "XGBoost": {"F1": 0.5675675675675675, "Precision": 0.863013698630137, "Recall": 0.4228187919463087, "Accuracy": 0.9136690647482014}, "LR": {"F1": 0.8493150684931506, "Precision": 0.8671328671328671, "Recall": 0.8322147651006712, "Accuracy": 0.960431654676259}, "SVM": {"F1": 0.8474576271186441, "Precision": 0.8561643835616438, "Recall": 0.8389261744966443, "Accuracy": 0.9595323741007195}}, "generated_3000_each": {"NB": {"F1": 0.8338983050847458, "Precision": 0.8424657534246576, "Recall": 0.825503355704698, "Accuracy": 0.9559352517985612}, "BERT": {"F1": 0.9664429530201343, "Precision": 0.9664429530201343, "Recall": 0.9664429530201343, "Accuracy": 0.9910313901345291}, "LightGBM": {"F1": 0.8493150684931506, "Precision": 0.8671328671328671, "Recall": 0.8322147651006712, "Accuracy": 0.960431654676259}, "LSTM": {"F1": 0.9225589225589227, "Precision": 0.9256756756756757, "Recall": 0.9194630872483222, "Accuracy": 0.979372197309417},