{"generated_350_each": {"NB": {"F1": 0.3837837837837838, "Precision": 0.3212669683257919, "Recall": 0.47651006711409394, "Accuracy": 0.7949640287769785}, "BERT": {"F1": 0.4897260273972603, "Precision": 0.32873563218390806, "Recall": 0.959731543624161, "Accuracy": 0.7327354260089686}, "LightGBM": {"F1": 0.3576642335766424, "Precision": 0.392, "Recall": 0.3288590604026846, "Accuracy": 0.841726618705036}, "LSTM": {"F1": 0.059880239520958084, "Precision": 0.2777777777777778, "Recall": 0.03355704697986577, "Accuracy": 0.8591928251121076}, "KNN": {"F1": 0.40129449838187703, "Precision": 0.3875, "Recall": 0.4161073825503356, "Accuracy": 0.8336330935251799}, "XGBoost": {"F1": 0.3833333333333333, "Precision": 0.5054945054945055, "Recall": 0.3087248322147651, "Accuracy": 0.8669064748201439}, "LR": {"F1": 0.4256410256410256, "Precision": 0.34439834024896265, "Recall": 0.5570469798657718, "Accuracy": 0.7985611510791367}, "SVM": {"F1": 0.45255474452554745, "Precision": 0.3549618320610687, "Recall": 0.6241610738255033, "Accuracy": 0.7976618705035972}}, "generated_500_each": {"NB": {"F1": 0.43859649122807015, "Precision": 0.38860103626943004, "Recall": 0.5033557046979866, "Accuracy": 0.8273381294964028}, "BERT": {"F1": 0.6571428571428571, "Precision": 0.5092250922509225, "Recall": 0.9261744966442953, "Accuracy": 0.8708520179372198}, "LightGBM": {"F1": 0.4250871080139373, "Precision": 0.4420289855072464, "Recall": 0.40939597315436244, "Accuracy": 0.8516187050359713}, "LSTM": {"F1": 0.0, "Precision": 0.0, "Recall": 0.0, "Accuracy": 0.8358744394618834}, "KNN": {"F1": 0.3007915567282322, "Precision": 0.24782608695652175, "Recall": 0.3825503355704698, "Accuracy": 0.7616906474820144}, "XGBoost": {"F1": 0.4066390041493776, "Precision": 0.532608695652174, "Recall": 0.3288590604026846, "Accuracy": 0.8714028776978417}, "LR": {"F1": 0.5138121546961326, "Precision": 0.43661971830985913, "Recall": 0.6241610738255033, "Accuracy": 0.841726618705036}, "SVM": {"F1": 0.43501326259946954, "Precision": 0.35964912280701755, "Recall": 0.5503355704697986, "Accuracy": 0.8084532374100719}}, "generated_1000_each": {"NB": {"F1": 0.4409448818897637, "Precision": 0.3620689655172414, "Recall": 0.5637583892617449, "Accuracy": 0.8084532374100719}, "BERT": {"F1": 0.6716417910447762, "Precision": 0.5335968379446641, "Recall": 0.9060402684563759, "Accuracy": 0.8816143497757848}, "LightGBM": {"F1": 0.48888888888888893, "Precision": 0.41706161137440756, "Recall": 0.5906040268456376, "Accuracy": 0.8345323741007195}, "LSTM": {"F1": 0.425925925925926, "Precision": 0.3942857142857143, "Recall": 0.46308724832214765, "Accuracy": 0.8331838565022421}, "KNN": {"F1": 0.3391812865497076, "Precision": 0.3005181347150259, "Recall": 0.38926174496644295, "Accuracy": 0.7967625899280576}, "XGBoost": {"F1": 0.5079365079365079, "Precision": 0.6213592233009708, "Recall": 0.42953020134228187, "Accuracy": 0.8884892086330936}, "LR": {"F1": 0.4444444444444444, "Precision": 0.3791469194312796, "Recall": 0.5369127516778524, "Accuracy": 0.8201438848920863}, "SVM": {"F1": 0.40641711229946526, "Precision": 0.3377777777777778, "Recall": 0.5100671140939598, "Accuracy": 0.8003597122302158}}, "generated_1500_each": {"NB": {"F1": 0.4120603015075377, "Precision": 0.3293172690763052, "Recall": 0.5503355704697986, "Accuracy": 0.789568345323741}, "BERT": {"F1": 0.7215909090909091, "Precision": 0.625615763546798, "Recall": 0.8523489932885906, "Accuracy": 0.9121076233183857}, "LightGBM": {"F1": 0.547008547008547, "Precision": 0.4752475247524752, "Recall": 0.6442953020134228, "Accuracy": 0.8570143884892086}, "LSTM": {"F1": 0.04629629629629629, "Precision": 0.07462686567164178, "Recall": 0.03355704697986577, "Accuracy": 0.8152466367713005}, "KNN": {"F1": 0.3222222222222222, "Precision": 0.27488151658767773, "Recall": 0.38926174496644295, "Accuracy": 0.7805755395683454}, "XGBoost": {"F1": 0.529182879377432, "Precision": 0.6296296296296297, "Recall": 0.4563758389261745, "Accuracy": 0.8911870503597122}, "LR": {"F1": 0.461139896373057, "Precision": 0.3755274261603376, "Recall": 0.5973154362416108, "Accuracy": 0.8129496402877698}, "SVM": {"F1": 0.42597402597402595, "Precision": 0.3474576271186441, "Recall": 0.5503355704697986, "Accuracy": 0.8012589928057554}}, "generated_2000_each": {"NB": {"F1": 0.41791044776119407, "Precision": 0.33201581027667987, "Recall": 0.5637583892617449, "Accuracy": 0.789568345323741}, "BERT": {"F1": 0.7550432276657061, "Precision": 0.6616161616161617, "Recall": 0.8791946308724832, "Accuracy": 0.9237668161434978}, "LightGBM": {"F1": 0.553072625698324, "Precision": 0.47368421052631576, "Recall": 0.6644295302013423, "Accuracy": 0.8561151079136691}, "LSTM": {"F1": 0.3952569169960474, "Precision": 0.4807692307692308, "Recall": 0.33557046979865773, "Accuracy": 0.862780269058296}, "KNN": {"F1": 0.24397163120567378, "Precision": 0.15467625899280577, "Recall": 0.5771812080536913, "Accuracy": 0.52068345323741}, "XGBoost": {"F1": 0.5210727969348659, "Precision": 0.6071428571428571, "Recall": 0.4563758389261745, "Accuracy": 0.887589928057554}, "LR": {"F1": 0.481675392670157, "Precision": 0.3948497854077253, "Recall": 0.6174496644295302, "Accuracy": 0.8219424460431655}, "SVM": {"F1": 0.4370179948586118, "Precision": 0.3541666666666667, "Recall": 0.5704697986577181, "Accuracy": 0.8030575539568345}}, "generated_2500_each": {"NB": {"F1": 0.44110275689223055, "Precision": 0.352, "Recall": 0.5906040268456376, "Accuracy": 0.7994604316546763}, "BERT": {"F1": 0.7636363636363636, "Precision": 0.6961325966850829, "Recall": 0.8456375838926175, "Accuracy": 0.9300448430493273}, "LightGBM": {"F1": 0.5449591280653951, "Precision": 0.45871559633027525, "Recall": 0.6711409395973155, "Accuracy": 0.8498201438848921}, "LSTM": {"F1": 0.5979381443298969, "Precision": 0.6126760563380281, "Recall": 0.5838926174496645, "Accuracy": 0.895067264573991}, "KNN": {"F1": 0.2535211267605633, "Precision": 0.19494584837545126, "Recall": 0.3624161073825503, "Accuracy": 0.7140287769784173}, "XGBoost": {"F1": 0.5283018867924528, "Precision": 0.603448275862069, "Recall": 0.4697986577181208, "Accuracy": 0.887589928057554}, "LR": {"F1": 0.4654731457800511, "Precision": 0.3760330578512397, "Recall": 0.610738255033557, "Accuracy": 0.8120503597122302}, "SVM": {"F1": 0.44168734491315137, "Precision": 0.35039370078740156, "Recall": 0.5973154362416108, "Accuracy": 0.7976618705035972}}, "generated_3000_each": {"NB": {"F1": 0.4588528678304239, "Precision": 0.36507936507936506, "Recall": 0.6174496644295302, "Accuracy": 0.8048561151079137}, "BERT": {"F1": 0.7616279069767442, "Precision": 0.6717948717948717, "Recall": 0.8791946308724832, "Accuracy": 0.9264573991031391}, "LightGBM": {"F1": 0.5517241379310345, "Precision": 0.45614035087719296, "Recall": 0.697986577181208, "Accuracy": 0.8480215827338129}, "LSTM": {"F1": 0.5634517766497462, "Precision": 0.4530612244897959, "Recall": 0.7449664429530202, "Accuracy": 0.8457399103139014}, "KNN": {"F1": 0.35795454545454547, "Precision": 0.3103448275862069, "Recall": 0.4228187919463087, "Accuracy": 0.7967625899280576}, "XGBoost": {"F1": 0.5239852398523985, "Precision": 0.5819672131147541, "Recall": 0.47651006711409394, "Accuracy": 0.8839928057553957}, "LR": {"F1": 0.47000000000000003, "Precision": 0.3745019920318725, "Recall": 0.6308724832214765, "Accuracy": 0.8093525179856115}, "SVM": {"F1": 0.4507772020725389, "Precision": 0.3670886075949367, "Recall": 0.5838926174496645, "Accuracy": 0.8093525179856115}}, "generated_3500_each": {"NB": {"F1": 0.46478873239436624, "Precision": 0.3574007220216607, "Recall": 0.6644295302013423, "Accuracy": 0.7949640287769785}, "BERT": {"F1": 0.738544474393531, "Precision": 0.6171171171171171, "Recall": 0.9194630872483222, "Accuracy": 0.9130044843049328}, "LightGBM": {"F1": 0.5473145780051151, "Precision": 0.44214876033057854, "Recall": 0.7181208053691275, "Accuracy": 0.8408273381294964}, "LSTM": {"F1": 0.22439024390243903, "Precision": 0.4107142857142857, "Recall": 0.15436241610738255,