{"augmented_mixed_100": {"NB": {"F1": {"average": 0.8539325842696627, "std_dev": 1.1102230246251565e-16}, "Precision": {"average": 0.9661016949152541, "std_dev": 1.1102230246251565e-16}, "Recall": {"average": 0.7651006711409396, "std_dev": 0.0}, "Accuracy": {"average": 0.9649280575539569, "std_dev": 1.1102230246251565e-16}}, "BERT": {"F1": {"average": 0.9533932103522016, "std_dev": 0.018230300734283382}, "Precision": {"average": 0.941505845211239, "std_dev": 0.037198576245397214}, "Recall": {"average": 0.9664429530201343, "std_dev": 0.0042446680002260415}, "Accuracy": {"average": 0.9872645739910315, "std_dev": 0.005211063335007691}}, "LightGBM": {"F1": {"average": 0.7258064516129032, "std_dev": 0.0}, "Precision": {"average": 0.909090909090909, "std_dev": 1.1102230246251565e-16}, "Recall": {"average": 0.6040268456375839, "std_dev": 0.0}, "Accuracy": {"average": 0.9388489208633095, "std_dev": 1.1102230246251565e-16}}, "LSTM": {"F1": {"average": 0.8504016562079109, "std_dev": 0.027454131829043795}, "Precision": {"average": 0.8351571899167258, "std_dev": 0.05184323257864619}, "Recall": {"average": 0.8684563758389263, "std_dev": 0.021476510067114114}, "Accuracy": {"average": 0.9589237668161434, "std_dev": 0.008885715570583548}}, "KNN": {"F1": {"average": 0.6393696601480919, "std_dev": 0.003504032970195942}, "Precision": {"average": 0.9106790123456789, "std_dev": 0.004746869430994405}, "Recall": {"average": 0.4926174496644295, "std_dev": 0.003287905695010972}, "Accuracy": {"average": 0.9255395683453237, "std_dev": 0.0006729599616499853}}, "XGBoost": {"F1": {"average": 0.5142857142857142, "std_dev": 0.0}, "Precision": {"average": 0.8852459016393442, "std_dev": 0.0}, "Recall": {"average": 0.3624161073825503, "std_dev": 0.0}, "Accuracy": {"average": 0.9082733812949642, "std_dev": 1.1102230246251565e-16}}, "LR": {"F1": {"average": 0.6893617021276595, "std_dev": 0.0}, "Precision": {"average": 0.9418604651162792, "std_dev": 1.1102230246251565e-16}, "Recall": {"average": 0.5436241610738255, "std_dev": 0.0}, "Accuracy": {"average": 0.9343525179856116, "std_dev": 1.1102230246251565e-16}}, "SVM": {"F1": {"average": 0.8389513108614233, "std_dev": 0.0}, "Precision": {"average": 0.9491525423728813, "std_dev": 1.1102230246251565e-16}, "Recall": {"average": 0.7516778523489933, "std_dev": 0.0}, "Accuracy": {"average": 0.9613309352517986, "std_dev": 0.0}}}}