{"original": {"NB": {"F1": {"average": 0.9064748201438849, "std_dev": 0.0}, "Precision": {"average": 0.9767441860465116, "std_dev": 0.0}, "Recall": {"average": 0.8456375838926175, "std_dev": 0.0}, "Accuracy": {"average": 0.9766187050359714, "std_dev": 1.1102230246251565e-16}}, "BERT": {"F1": {"average": 0.9584380730189217, "std_dev": 0.010606406447426301}, "Precision": {"average": 0.9457889190773286, "std_dev": 0.022719386874340993}, "Recall": {"average": 0.9718120805369127, "std_dev": 0.006575811390021987}, "Accuracy": {"average": 0.9886995515695066, "std_dev": 0.0030334591076749203}}, "LightGBM": {"F1": {"average": 0.8928571428571429, "std_dev": 0.0}, "Precision": {"average": 0.9541984732824428, "std_dev": 0.0}, "Recall": {"average": 0.8389261744966443, "std_dev": 0.0}, "Accuracy": {"average": 0.9730215827338128, "std_dev": 1.1102230246251565e-16}}, "LSTM": {"F1": {"average": 0.9292021513373306, "std_dev": 0.009750444112254977}, "Precision": {"average": 0.9258403178403496, "std_dev": 0.018356520181448763}, "Recall": {"average": 0.9328859060402683, "std_dev": 0.01123033592663187}, "Accuracy": {"average": 0.9809865470852017, "std_dev": 0.0027438670028302197}}, "KNN": {"F1": {"average": 0.8432835820895521, "std_dev": 0.0}, "Precision": {"average": 0.9495798319327731, "std_dev": 0.0}, "Recall": {"average": 0.7583892617449665, "std_dev": 0.0}, "Accuracy": {"average": 0.9622302158273381, "std_dev": 0.0}}, "XGBoost": {"F1": {"average": 0.728744939271255, "std_dev": 0.0}, "Precision": {"average": 0.9183673469387756, "std_dev": 1.1102230246251565e-16}, "Recall": {"average": 0.6040268456375839, "std_dev": 0.0}, "Accuracy": {"average": 0.9397482014388491, "std_dev": 1.1102230246251565e-16}}, "LR": {"F1": {"average": 0.8805970149253731, "std_dev": 0.0}, "Precision": {"average": 0.9915966386554622, "std_dev": 0.0}, "Recall": {"average": 0.7919463087248322, "std_dev": 0.0}, "Accuracy": {"average": 0.9712230215827338, "std_dev": 0.0}}, "SVM": {"F1": {"average": 0.9263157894736842, "std_dev": 0.0}, "Precision": {"average": 0.9705882352941175, "std_dev": 1.1102230246251565e-16}, "Recall": {"average": 0.8859060402684564, "std_dev": 0.0}, "Accuracy": {"average": 0.9811151079136691, "std_dev": 0.0}}}, "augmented_spam_1": {"NB": {"F1": {"average": 0.8762541806020068, "std_dev": 1.1102230246251565e-16}, "Precision": {"average": 0.8733333333333333, "std_dev": 0.0}, "Recall": {"average": 0.8791946308724832, "std_dev": 0.0}, "Accuracy": {"average": 0.9667266187050358, "std_dev": 1.1102230246251565e-16}}, "BERT": {"F1": {"average": 0.9674931899104363, "std_dev": 0.00803470085223425}, "Precision": {"average": 0.9580850985516657, "std_dev": 0.014168340134692807}, "Recall": {"average": 0.9771812080536912, "std_dev": 0.003287905695010972}, "Accuracy": {"average": 0.9912107623318386, "std_dev": 0.002225950429774146}}, "LightGBM": {"F1": {"average": 0.9140893470790378, "std_dev": 0.0}, "Precision": {"average": 0.9366197183098592, "std_dev": 1.1102230246251565e-16}, "Recall": {"average": 0.8926174496644295, "std_dev": 1.1102230246251565e-16}, "Accuracy": {"average": 0.9775179856115109, "std_dev": 1.1102230246251565e-16}}, "LSTM": {"F1": {"average": 0.9146270870787211, "std_dev": 0.02033735155741817}, "Precision": {"average": 0.9003353251775437, "std_dev": 0.03724167675212339}, "Recall": {"average": 0.9302013422818792, "std_dev": 0.01004471781684278}, "Accuracy": {"average": 0.9766816143497759, "std_dev": 0.006002941894414866}}, "KNN": {"F1": {"average": 0.8127874427730543, "std_dev": 0.00351602354480054}, "Precision": {"average": 0.8847545219638242, "std_dev": 0.008268733850129184}, "Recall": {"average": 0.7516778523489933, "std_dev": 0.0}, "Accuracy": {"average": 0.9535971223021583, "std_dev": 0.0010791366906474753}}, "XGBoost": {"F1": {"average": 0.75, "std_dev": 0.0}, "Precision": {"average": 0.8608695652173914, "std_dev": 1.1102230246251565e-16}, "Recall": {"average": 0.6644295302013423, "std_dev": 0.0}, "Accuracy": {"average": 0.9406474820143884, "std_dev": 1.1102230246251565e-16}}, "LR": {"F1": {"average": 0.9219858156028369, "std_dev": 0.0}, "Precision": {"average": 0.9774436090225563, "std_dev": 0.0}, "Recall": {"average": 0.8724832214765101, "std_dev": 1.1102230246251565e-16}, "Accuracy": {"average": 0.9802158273381295, "std_dev": 0.0}}, "SVM": {"F1": {"average": 0.9179200447302209, "std_dev": 0.0002236511042773337}, "Precision": {"average": 0.9358572462020739, "std_dev": 0.002411381721726569}, "Recall": {"average": 0.9006711409395974, "std_dev": 0.0026845637583892577}, "Accuracy": {"average": 0.9784172661870503, "std_dev": 1.1102230246251565e-16}}}, "augmented_spam_2": {"NB": {"F1": {"average": 0.8506493506493505, "std_dev": 1.1102230246251565e-16}, "Precision": {"average": 0.8238993710691824, "std_dev": 0.0}, "Recall": {"average": 0.8791946308724832, "std_dev": 0.0}, "Accuracy": {"average": 0.9586330935251798, "std_dev": 1.1102230246251565e-16}}, "BERT": {"F1": {"average": 0.9654608108098502, "std_dev": 0.006993237334607496}, "Precision": {"average": 0.9566436456560294, "std_dev": 0.011778002722132272}, "Recall": {"average": 0.9744966442953021, "std_dev": 0.0026845637583892577}, "Accuracy": {"average": 0.9906726457399102, "std_dev": 0.0019318976886581107}}, "LightGBM": {"F1": {"average": 0.9065743944636677, "std_dev": 1.1102230246251565e-16}, "Precision": {"average": 0.9357142857142857, "std_dev": 0.0}, "Recall": {"average": 0.8791946308724832, "std_dev": 0.0}, "Accuracy": {"average": 0.9757194244604317, "std_dev": 0.0}}, "LSTM": {"F1": {"average": 0.928631042418418, "std_dev": 0.0115885417851526}, "Precision": {"average": 0.9326256281096832, "std_dev": 0.017983705766869747}, "Recall": {"average": 0.9248322147651006, "std_dev": 0.009863717085032917}, "Accuracy": {"average": 0.9809865470852019, "std_dev": 0.0031784834343801353}}, "KNN": {"F1": {"average": 0.8308631833258315, "std_dev": 0.0047976804377257804}, "Precision": {"average": 0.8522480697689957, "std_dev": 0.014821846223823067}, "Recall": {"average": 0.810738255033557, "std_dev": 0.005022358908421438}, "Accuracy": {"average": 0.9557553956834532, "std_dev": 0.0017437697328836134}}, "XGBoost": {"F1": {"average": 0.759124087591241, "std_dev": 0.0}, "Precision": {"average": 0.8320000000000001, "std_dev": 1.1102230246251565e-16}, "Recall": {"average": 0.697986577181208, "std_dev": 0.0}, "Accuracy": {"average": 0.9406474820143884, "std_dev": 1.1102230246251565e-16}}, "LR": {"F1": {"average": 0.9204152249134949, "std_dev": 0.0}, "Precision": {"average": 0.95, "std_dev": 0.0}, "Recall": {"average": 0.8926174496644295, "std_dev": 1.1102230246251565e-16}, "Accuracy": {"average": 0.97931654676259, "std_dev": 0.0}}, "SVM": {"F1": {"average": 0.9178082191780822, "std_dev": 0.0}, "Precision": {"average": 0.937062937062937, "std_dev": 1.1102230246251565e-16}, "Recall": {"average": 0.8993288590604027, "std_dev": 0.0}, "Accuracy": {"average": 0.9784172661870503, "std_dev": 1.1102230246251565e-16}}}, "augmented_spam_3": {"NB": {"F1": {"average": 0.8364779874213838, "std_dev": 1.1102230246251565e-16}, "Precision": {"average": 0.7869822485207101, "std_dev": 0.0}, "Recall": {"average": 0.8926174496644295, "std_dev": 1.1102230246251565e-16}, "Accuracy": {"average": 0.9532374100719425, "std_dev": 1.1102230246251565e-16}}, "BERT": {"F1": {"average": 0.9653815125625987, "std_dev": 0.004590069906127014}, "Precision": {"average": 0.959302211686141, "std_dev": 0.015398659180655323}, "Recall": {"average": 0.9718120805369128, "std_dev": 0.007826781066906468}, "Accuracy": {"average": 0.9906726457399102, "std_dev": 0.0013422986140892768}}, "LightGBM": {"F1": {"average": 0.9109589041095891, "std_dev": 1.1102230246251565e-16}, "Precision": {"average": 0.9300699300699302, "std_dev": 1.1102230246251565e-16}, "Recall": {"average": 0.8926174496644295, "std_dev": 1.1102230246251565e-16}, "Accuracy": {"average": 0.9766187050359714, "std_dev": 1.1102230246251565e-16}}, "LSTM": {"F1": {"average": 0.9299613033649544, "std_dev": 0.008165637307312769},